week,geo,promo_description
2021-12-13,Geo15,-20% rabatu na całe zamówienie po przekroczeniu progu 300 zł.
2022-11-21,Geo16,-20% rabatu na całe zamówienie po przekroczeniu progu 300 zł.
2023-11-06,Geo31,-20% rabatu na całe zamówienie po przekroczeniu progu 300 zł.
2021-02-08,Geo34,-20% rabatu na całe zamówienie po przekroczeniu progu 300 zł.
2021-06-21,Geo4,-20% rabatu na całe zamówienie po przekroczeniu progu 300 zł.
2022-05-02,Geo6,-20% rabatu na całe zamówienie po przekroczeniu progu 300 zł.
2023-12-11,Geo32,-40% na wszystko w całym sklepie bez żadnych wyjątków.
2023-05-08,Geo0,Bezpłatne opakowanie na prezent do każdego zamówienia.
2022-11-21,Geo0,Bezpłatne opakowanie na prezent do każdego zamówienia.
2023-02-06,Geo1,Bezpłatne opakowanie na prezent do każdego zamówienia.
2021-10-04,Geo1,Bezpłatne opakowanie na prezent do każdego zamówienia.
2021-04-26,Geo1,Bezpłatne opakowanie na prezent do każdego zamówienia.
2021-11-15,Geo1,Bezpłatne opakowanie na prezent do każdego zamówienia.
2023-01-16,Geo10,Bezpłatne opakowanie na prezent do każdego zamówienia.
2023-07-03,Geo10,Bezpłatne opakowanie na prezent do każdego zamówienia.
2021-08-30,Geo11,Bezpłatne opakowanie na prezent do każdego zamówienia.
2021-03-15,Geo13,Bezpłatne opakowanie na prezent do każdego zamówienia.
2023-05-15,Geo14,Bezpłatne opakowanie na prezent do każdego zamówienia.
2021-09-06,Geo16,Bezpłatne opakowanie na prezent do każdego zamówienia.
2023-12-04,Geo16,Bezpłatne opakowanie na prezent do każdego zamówienia.
2021-05-31,Geo16,Bezpłatne opakowanie na prezent do każdego zamówienia.
2021-03-01,Geo17,Bezpłatne opakowanie na prezent do każdego zamówienia.
2023-10-23,Geo18,Bezpłatne opakowanie na prezent do każdego zamówienia.
2021-03-29,Geo2,Bezpłatne opakowanie na prezent do każdego zamówienia.
2022-08-22,Geo2,Bezpłatne opakowanie na prezent do każdego zamówienia.
2023-05-29,Geo20,Bezpłatne opakowanie na prezent do każdego zamówienia.
2023-11-20,Geo21,Bezpłatne opakowanie na prezent do każdego zamówienia.
2022-10-10,Geo22,Bezpłatne opakowanie na prezent do każdego zamówienia.
2022-04-25,Geo23,Bezpłatne opakowanie na prezent do każdego zamówienia.
2021-03-29,Geo23,Bezpłatne opakowanie na prezent do każdego zamówienia.
2021-09-27,Geo24,Bezpłatne opakowanie na prezent do każdego zamówienia.
2021-06-28,Geo25,Bezpłatne opakowanie na prezent do każdego zamówienia.
2021-03-29,Geo27,Bezpłatne opakowanie na prezent do każdego zamówienia.
2023-06-05,Geo3,Bezpłatne opakowanie na prezent do każdego zamówienia.
2021-09-27,Geo3,Bezpłatne opakowanie na prezent do każdego zamówienia.
2021-04-19,Geo3,Bezpłatne opakowanie na prezent do każdego zamówienia.
2022-05-30,Geo3,Bezpłatne opakowanie na prezent do każdego zamówienia.
2021-02-08,Geo3,Bezpłatne opakowanie na prezent do każdego zamówienia.
2021-09-27,Geo30,Bezpłatne opakowanie na prezent do każdego zamówienia.
2022-08-29,Geo31,Bezpłatne opakowanie na prezent do każdego zamówienia.
2023-06-05,Geo31,Bezpłatne opakowanie na prezent do każdego zamówienia.
2023-11-20,Geo31,Bezpłatne opakowanie na prezent do każdego zamówienia.
2023-07-17,Geo33,Bezpłatne opakowanie na prezent do każdego zamówienia.
2022-01-03,Geo34,Bezpłatne opakowanie na prezent do każdego zamówienia.
2022-09-12,Geo34,Bezpłatne opakowanie na prezent do każdego zamówienia.
2023-06-05,Geo34,Bezpłatne opakowanie na prezent do każdego zamówienia.
2021-09-20,Geo35,Bezpłatne opakowanie na prezent do każdego zamówienia.
2021-12-13,Geo36,Bezpłatne opakowanie na prezent do każdego zamówienia.
2021-08-30,Geo37,Bezpłatne opakowanie na prezent do każdego zamówienia.
2021-02-08,Geo4,Bezpłatne opakowanie na prezent do każdego zamówienia.
2021-05-24,Geo5,Bezpłatne opakowanie na prezent do każdego zamówienia.
2022-01-10,Geo5,Bezpłatne opakowanie na prezent do każdego zamówienia.
2022-03-07,Geo6,Bezpłatne opakowanie na prezent do każdego zamówienia.
2021-04-12,Geo7,Bezpłatne opakowanie na prezent do każdego zamówienia.
2023-05-08,Geo8,Bezpłatne opakowanie na prezent do każdego zamówienia.
2023-04-17,Geo27,Cała kategoria Outlet z dodatkowym rabatem -35%.
2023-10-23,Geo38,Cała kategoria Outlet z dodatkowym rabatem -35%.
2021-06-28,Geo4,Cała kategoria Outlet z dodatkowym rabatem -35%.
2021-06-28,Geo6,Cała kategoria Outlet z dodatkowym rabatem -35%.
2021-04-05,Geo20,Cała kategoria Outlet z dodatkowym rabatem -40%.
2021-12-13,Geo24,Cała kategoria Outlet z dodatkowym rabatem -40%.
2023-09-18,Geo15,Cała oferta -35% dla członków klubu lojalnościowego.
2022-07-04,Geo5,Cała oferta -35% dla członków klubu lojalnościowego.
2022-07-04,Geo15,Cała oferta dwóch marek z rabatem -30%.
2021-12-27,Geo30,Cała oferta dwóch marek z rabatem -30%.
2021-04-12,Geo0,Cała oferta jednej marki z rabatem -20%.
2023-02-13,Geo10,Cała oferta jednej marki z rabatem -20%.
2021-08-23,Geo11,Cała oferta jednej marki z rabatem -20%.
2021-05-17,Geo13,Cała oferta jednej marki z rabatem -20%.
2022-10-17,Geo14,Cała oferta jednej marki z rabatem -20%.
2023-11-13,Geo16,Cała oferta jednej marki z rabatem -20%.
2023-01-23,Geo18,Cała oferta jednej marki z rabatem -20%.
2023-10-30,Geo2,Cała oferta jednej marki z rabatem -20%.
2022-01-24,Geo2,Cała oferta jednej marki z rabatem -20%.
2022-05-16,Geo22,Cała oferta jednej marki z rabatem -20%.
2021-07-05,Geo24,Cała oferta jednej marki z rabatem -20%.
2022-08-22,Geo26,Cała oferta jednej marki z rabatem -20%.
2021-09-20,Geo26,Cała oferta jednej marki z rabatem -20%.
2022-08-22,Geo27,Cała oferta jednej marki z rabatem -20%.
2022-05-09,Geo34,Cała oferta jednej marki z rabatem -20%.
2021-09-13,Geo34,Cała oferta jednej marki z rabatem -20%.
2022-06-20,Geo39,Cała oferta jednej marki z rabatem -20%.
2021-08-09,Geo8,Cała oferta jednej marki z rabatem -20%.
2021-10-11,Geo28,Cały outlet dodatkowe -45%.
2023-11-20,Geo9,Cały outlet dodatkowe -45%.
2021-06-07,Geo1,Darmowa dostawa dla zamówień powyżej 250 zł.
2023-07-03,Geo1,Darmowa dostawa dla zamówień powyżej 250 zł.
2022-03-07,Geo11,Darmowa dostawa dla zamówień powyżej 250 zł.
2022-09-05,Geo11,Darmowa dostawa dla zamówień powyżej 250 zł.
2021-12-06,Geo11,Darmowa dostawa dla zamówień powyżej 250 zł.
2021-03-15,Geo12,Darmowa dostawa dla zamówień powyżej 250 zł.
2022-10-31,Geo13,Darmowa dostawa dla zamówień powyżej 250 zł.
2021-11-08,Geo13,Darmowa dostawa dla zamówień powyżej 250 zł.
2022-12-26,Geo15,Darmowa dostawa dla zamówień powyżej 250 zł.
2022-04-11,Geo15,Darmowa dostawa dla zamówień powyżej 250 zł.
2021-09-20,Geo16,Darmowa dostawa dla zamówień powyżej 250 zł.
2023-08-14,Geo17,Darmowa dostawa dla zamówień powyżej 250 zł.
2023-08-28,Geo18,Darmowa dostawa dla zamówień powyżej 250 zł.
2022-09-26,Geo18,Darmowa dostawa dla zamówień powyżej 250 zł.
2021-08-30,Geo19,Darmowa dostawa dla zamówień powyżej 250 zł.
2023-03-20,Geo2,Darmowa dostawa dla zamówień powyżej 250 zł.
2023-07-17,Geo2,Darmowa dostawa dla zamówień powyżej 250 zł.
2023-06-19,Geo20,Darmowa dostawa dla zamówień powyżej 250 zł.
2021-11-22,Geo21,Darmowa dostawa dla zamówień powyżej 250 zł.
2021-06-07,Geo21,Darmowa dostawa dla zamówień powyżej 250 zł.
2022-12-26,Geo22,Darmowa dostawa dla zamówień powyżej 250 zł.
2021-02-01,Geo25,Darmowa dostawa dla zamówień powyżej 250 zł.
2022-06-06,Geo26,Darmowa dostawa dla zamówień powyżej 250 zł.
2022-03-07,Geo26,Darmowa dostawa dla zamówień powyżej 250 zł.
2023-03-13,Geo26,Darmowa dostawa dla zamówień powyżej 250 zł.
2023-05-22,Geo28,Darmowa dostawa dla zamówień powyżej 250 zł.
2023-07-10,Geo28,Darmowa dostawa dla zamówień powyżej 250 zł.
2022-10-31,Geo29,Darmowa dostawa dla zamówień powyżej 250 zł.
2022-05-09,Geo29,Darmowa dostawa dla zamówień powyżej 250 zł.
2022-12-26,Geo30,Darmowa dostawa dla zamówień powyżej 250 zł.
2022-08-29,Geo30,Darmowa dostawa dla zamówień powyżej 250 zł.
2023-08-28,Geo30,Darmowa dostawa dla zamówień powyżej 250 zł.
2023-07-03,Geo30,Darmowa dostawa dla zamówień powyżej 250 zł.
2021-05-24,Geo31,Darmowa dostawa dla zamówień powyżej 250 zł.
2022-11-14,Geo32,Darmowa dostawa dla zamówień powyżej 250 zł.
2021-12-20,Geo33,Darmowa dostawa dla zamówień powyżej 250 zł.
2023-07-24,Geo35,Darmowa dostawa dla zamówień powyżej 250 zł.
2023-02-06,Geo35,Darmowa dostawa dla zamówień powyżej 250 zł.
2021-07-05,Geo35,Darmowa dostawa dla zamówień powyżej 250 zł.
2022-08-29,Geo35,Darmowa dostawa dla zamówień powyżej 250 zł.
2021-10-04,Geo36,Darmowa dostawa dla zamówień powyżej 250 zł.
2021-09-20,Geo36,Darmowa dostawa dla zamówień powyżej 250 zł.
2021-05-17,Geo36,Darmowa dostawa dla zamówień powyżej 250 zł.
2021-04-26,Geo38,Darmowa dostawa dla zamówień powyżej 250 zł.
2021-08-30,Geo38,Darmowa dostawa dla zamówień powyżej 250 zł.
2022-04-11,Geo39,Darmowa dostawa dla zamówień powyżej 250 zł.
2022-04-11,Geo4,Darmowa dostawa dla zamówień powyżej 250 zł.
2021-10-18,Geo4,Darmowa dostawa dla zamówień powyżej 250 zł.
2022-03-07,Geo4,Darmowa dostawa dla zamówień powyżej 250 zł.
2021-11-15,Geo4,Darmowa dostawa dla zamówień powyżej 250 zł.
2022-02-14,Geo5,Darmowa dostawa dla zamówień powyżej 250 zł.
2021-09-27,Geo6,Darmowa dostawa dla zamówień powyżej 250 zł.
2023-04-03,Geo6,Darmowa dostawa dla zamówień powyżej 250 zł.
2022-07-25,Geo6,Darmowa dostawa dla zamówień powyżej 250 zł.
2023-01-23,Geo7,Darmowa dostawa dla zamówień powyżej 250 zł.
2022-01-17,Geo9,Darmowa dostawa dla zamówień powyżej 250 zł.
2022-07-11,Geo9,Darmowa dostawa dla zamówień powyżej 250 zł.
2023-05-01,Geo9,Darmowa dostawa dla zamówień powyżej 250 zł.
2023-10-09,Geo10,Darmowa dostawa do paczkomatu bez kwoty minimalnej.
2023-03-27,Geo10,Darmowa dostawa do paczkomatu bez kwoty minimalnej.
2021-10-18,Geo10,Darmowa dostawa do paczkomatu bez kwoty minimalnej.
2022-07-11,Geo11,Darmowa dostawa do paczkomatu bez kwoty minimalnej.
2021-08-30,Geo16,Darmowa dostawa do paczkomatu bez kwoty minimalnej.
2022-10-03,Geo19,Darmowa dostawa do paczkomatu bez kwoty minimalnej.
2022-06-13,Geo19,Darmowa dostawa do paczkomatu bez kwoty minimalnej.
2023-09-11,Geo2,Darmowa dostawa do paczkomatu bez kwoty minimalnej.
2022-04-11,Geo2,Darmowa dostawa do paczkomatu bez kwoty minimalnej.
2023-05-29,Geo21,Darmowa dostawa do paczkomatu bez kwoty minimalnej.
2022-10-17,Geo22,Darmowa dostawa do paczkomatu bez kwoty minimalnej.
2023-12-18,Geo23,Darmowa dostawa do paczkomatu bez kwoty minimalnej.
2022-10-24,Geo23,Darmowa dostawa do paczkomatu bez kwoty minimalnej.
2023-10-23,Geo23,Darmowa dostawa do paczkomatu bez kwoty minimalnej.
2022-10-24,Geo26,Darmowa dostawa do paczkomatu bez kwoty minimalnej.
2021-10-18,Geo26,Darmowa dostawa do paczkomatu bez kwoty minimalnej.
2022-08-29,Geo27,Darmowa dostawa do paczkomatu bez kwoty minimalnej.
2023-03-27,Geo29,Darmowa dostawa do paczkomatu bez kwoty minimalnej.
2021-02-15,Geo3,Darmowa dostawa do paczkomatu bez kwoty minimalnej.
2021-04-05,Geo31,Darmowa dostawa do paczkomatu bez kwoty minimalnej.
2022-10-31,Geo32,Darmowa dostawa do paczkomatu bez kwoty minimalnej.
2021-01-25,Geo32,Darmowa dostawa do paczkomatu bez kwoty minimalnej.
2023-10-02,Geo32,Darmowa dostawa do paczkomatu bez kwoty minimalnej.
2023-08-07,Geo35,Darmowa dostawa do paczkomatu bez kwoty minimalnej.
2022-06-27,Geo36,Darmowa dostawa do paczkomatu bez kwoty minimalnej.
2024-01-01,Geo39,Darmowa dostawa do paczkomatu bez kwoty minimalnej.
2022-01-10,Geo4,Darmowa dostawa do paczkomatu bez kwoty minimalnej.
2023-05-08,Geo6,Darmowa dostawa do paczkomatu bez kwoty minimalnej.
2023-07-03,Geo6,Darmowa dostawa do paczkomatu bez kwoty minimalnej.
2023-02-27,Geo7,Darmowa dostawa do paczkomatu bez kwoty minimalnej.
2022-08-08,Geo7,Darmowa dostawa do paczkomatu bez kwoty minimalnej.
2023-01-23,Geo8,Darmowa dostawa do paczkomatu bez kwoty minimalnej.
2023-12-04,Geo9,Darmowa dostawa do paczkomatu bez kwoty minimalnej.
2023-06-12,Geo0,Darmowa dostawa do paczkomatu od 150 zł.
2022-02-14,Geo0,Darmowa dostawa do paczkomatu od 150 zł.
2022-03-21,Geo1,Darmowa dostawa do paczkomatu od 150 zł.
2023-03-13,Geo10,Darmowa dostawa do paczkomatu od 150 zł.
2023-10-30,Geo11,Darmowa dostawa do paczkomatu od 150 zł.
2022-11-28,Geo11,Darmowa dostawa do paczkomatu od 150 zł.
2021-03-08,Geo11,Darmowa dostawa do paczkomatu od 150 zł.
2022-02-21,Geo12,Darmowa dostawa do paczkomatu od 150 zł.
2023-03-06,Geo13,Darmowa dostawa do paczkomatu od 150 zł.
2022-01-10,Geo14,Darmowa dostawa do paczkomatu od 150 zł.
2022-05-30,Geo14,Darmowa dostawa do paczkomatu od 150 zł.
2021-05-17,Geo15,Darmowa dostawa do paczkomatu od 150 zł.
2022-10-31,Geo16,Darmowa dostawa do paczkomatu od 150 zł.
2022-05-09,Geo16,Darmowa dostawa do paczkomatu od 150 zł.
2023-08-28,Geo17,Darmowa dostawa do paczkomatu od 150 zł.
2023-01-02,Geo18,Darmowa dostawa do paczkomatu od 150 zł.
2022-05-02,Geo19,Darmowa dostawa do paczkomatu od 150 zł.
2022-09-26,Geo19,Darmowa dostawa do paczkomatu od 150 zł.
2022-08-29,Geo22,Darmowa dostawa do paczkomatu od 150 zł.
2022-08-08,Geo22,Darmowa dostawa do paczkomatu od 150 zł.
2023-01-16,Geo22,Darmowa dostawa do paczkomatu od 150 zł.
2022-11-07,Geo23,Darmowa dostawa do paczkomatu od 150 zł.
2023-12-04,Geo23,Darmowa dostawa do paczkomatu od 150 zł.
2022-02-28,Geo24,Darmowa dostawa do paczkomatu od 150 zł.
2023-02-13,Geo24,Darmowa dostawa do paczkomatu od 150 zł.
2021-07-05,Geo25,Darmowa dostawa do paczkomatu od 150 zł.
2022-08-29,Geo25,Darmowa dostawa do paczkomatu od 150 zł.
2023-12-11,Geo28,Darmowa dostawa do paczkomatu od 150 zł.
2022-03-28,Geo28,Darmowa dostawa do paczkomatu od 150 zł.
2023-07-24,Geo28,Darmowa dostawa do paczkomatu od 150 zł.
2023-07-10,Geo3,Darmowa dostawa do paczkomatu od 150 zł.
2021-09-27,Geo31,Darmowa dostawa do paczkomatu od 150 zł.
2022-04-25,Geo32,Darmowa dostawa do paczkomatu od 150 zł.
2022-06-06,Geo33,Darmowa dostawa do paczkomatu od 150 zł.
2024-01-01,Geo33,Darmowa dostawa do paczkomatu od 150 zł.
2023-11-13,Geo35,Darmowa dostawa do paczkomatu od 150 zł.
2022-02-28,Geo35,Darmowa dostawa do paczkomatu od 150 zł.
2021-06-21,Geo36,Darmowa dostawa do paczkomatu od 150 zł.
2022-12-05,Geo36,Darmowa dostawa do paczkomatu od 150 zł.
2023-10-30,Geo37,Darmowa dostawa do paczkomatu od 150 zł.
2023-07-24,Geo38,Darmowa dostawa do paczkomatu od 150 zł.
2023-03-20,Geo38,Darmowa dostawa do paczkomatu od 150 zł.
2022-09-12,Geo39,Darmowa dostawa do paczkomatu od 150 zł.
2022-09-19,Geo4,Darmowa dostawa do paczkomatu od 150 zł.
2023-09-18,Geo6,Darmowa dostawa do paczkomatu od 150 zł.
2022-11-14,Geo6,Darmowa dostawa do paczkomatu od 150 zł.
2022-12-05,Geo7,Darmowa dostawa do paczkomatu od 150 zł.
2021-02-08,Geo7,Darmowa dostawa do paczkomatu od 150 zł.
2022-02-28,Geo7,Darmowa dostawa do paczkomatu od 150 zł.
2022-10-31,Geo8,Darmowa dostawa do paczkomatu od 150 zł.
2024-01-08,Geo9,Darmowa dostawa do paczkomatu od 150 zł.
2022-06-13,Geo1,Darmowa dostawa do punktu odbioru bez kwoty minimalnej.
2021-05-31,Geo14,Darmowa dostawa do punktu odbioru bez kwoty minimalnej.
2023-05-29,Geo15,Darmowa dostawa do punktu odbioru bez kwoty minimalnej.
2022-02-28,Geo17,Darmowa dostawa do punktu odbioru bez kwoty minimalnej.
2022-01-24,Geo21,Darmowa dostawa do punktu odbioru bez kwoty minimalnej.
2021-04-05,Geo24,Darmowa dostawa do punktu odbioru bez kwoty minimalnej.
2021-12-13,Geo26,Darmowa dostawa do punktu odbioru bez kwoty minimalnej.
2023-08-14,Geo29,Darmowa dostawa do punktu odbioru bez kwoty minimalnej.
2021-03-01,Geo29,Darmowa dostawa do punktu odbioru bez kwoty minimalnej.
2021-07-05,Geo30,Darmowa dostawa do punktu odbioru bez kwoty minimalnej.
2022-10-03,Geo30,Darmowa dostawa do punktu odbioru bez kwoty minimalnej.
2021-01-25,Geo35,Darmowa dostawa do punktu odbioru bez kwoty minimalnej.
2022-06-27,Geo38,Darmowa dostawa do punktu odbioru bez kwoty minimalnej.
2023-07-10,Geo7,Darmowa dostawa do punktu odbioru bez kwoty minimalnej.
2022-05-16,Geo8,Darmowa dostawa do punktu odbioru bez kwoty minimalnej.
2023-05-22,Geo8,Darmowa dostawa do punktu odbioru bez kwoty minimalnej.
2022-09-19,Geo12,Darmowa dostawa do punktu odbioru na wszystkie zamówienia.
2023-10-02,Geo13,Darmowa dostawa do punktu odbioru na wszystkie zamówienia.
2022-05-02,Geo15,Darmowa dostawa do punktu odbioru na wszystkie zamówienia.
2021-06-14,Geo15,Darmowa dostawa do punktu odbioru na wszystkie zamówienia.
2021-06-14,Geo16,Darmowa dostawa do punktu odbioru na wszystkie zamówienia.
2023-06-05,Geo16,Darmowa dostawa do punktu odbioru na wszystkie zamówienia.
2021-08-30,Geo17,Darmowa dostawa do punktu odbioru na wszystkie zamówienia.
2022-06-27,Geo17,Darmowa dostawa do punktu odbioru na wszystkie zamówienia.
2022-03-28,Geo18,Darmowa dostawa do punktu odbioru na wszystkie zamówienia.
2022-06-20,Geo18,Darmowa dostawa do punktu odbioru na wszystkie zamówienia.
2023-01-16,Geo19,Darmowa dostawa do punktu odbioru na wszystkie zamówienia.
2022-12-12,Geo19,Darmowa dostawa do punktu odbioru na wszystkie zamówienia.
2021-12-27,Geo2,Darmowa dostawa do punktu odbioru na wszystkie zamówienia.
2023-08-21,Geo21,Darmowa dostawa do punktu odbioru na wszystkie zamówienia.
2021-04-19,Geo22,Darmowa dostawa do punktu odbioru na wszystkie zamówienia.
2022-12-05,Geo23,Darmowa dostawa do punktu odbioru na wszystkie zamówienia.
2022-01-17,Geo24,Darmowa dostawa do punktu odbioru na wszystkie zamówienia.
2022-01-24,Geo25,Darmowa dostawa do punktu odbioru na wszystkie zamówienia.
2022-07-04,Geo26,Darmowa dostawa do punktu odbioru na wszystkie zamówienia.
2021-06-07,Geo28,Darmowa dostawa do punktu odbioru na wszystkie zamówienia.
2022-04-25,Geo28,Darmowa dostawa do punktu odbioru na wszystkie zamówienia.
2021-07-19,Geo29,Darmowa dostawa do punktu odbioru na wszystkie zamówienia.
2023-07-17,Geo3,Darmowa dostawa do punktu odbioru na wszystkie zamówienia.
2021-10-18,Geo30,Darmowa dostawa do punktu odbioru na wszystkie zamówienia.
2021-10-11,Geo31,Darmowa dostawa do punktu odbioru na wszystkie zamówienia.
2023-12-04,Geo31,Darmowa dostawa do punktu odbioru na wszystkie zamówienia.
2022-10-31,Geo31,Darmowa dostawa do punktu odbioru na wszystkie zamówienia.
2022-10-10,Geo31,Darmowa dostawa do punktu odbioru na wszystkie zamówienia.
2023-11-06,Geo32,Darmowa dostawa do punktu odbioru na wszystkie zamówienia.
2023-02-27,Geo32,Darmowa dostawa do punktu odbioru na wszystkie zamówienia.
2021-07-05,Geo32,Darmowa dostawa do punktu odbioru na wszystkie zamówienia.
2022-10-03,Geo33,Darmowa dostawa do punktu odbioru na wszystkie zamówienia.
2023-02-13,Geo33,Darmowa dostawa do punktu odbioru na wszystkie zamówienia.
2022-09-26,Geo33,Darmowa dostawa do punktu odbioru na wszystkie zamówienia.
2021-11-15,Geo34,Darmowa dostawa do punktu odbioru na wszystkie zamówienia.
2021-09-27,Geo36,Darmowa dostawa do punktu odbioru na wszystkie zamówienia.
2022-12-26,Geo37,Darmowa dostawa do punktu odbioru na wszystkie zamówienia.
2023-12-04,Geo38,Darmowa dostawa do punktu odbioru na wszystkie zamówienia.
2022-09-12,Geo38,Darmowa dostawa do punktu odbioru na wszystkie zamówienia.
2022-06-20,Geo4,Darmowa dostawa do punktu odbioru na wszystkie zamówienia.
2023-09-11,Geo4,Darmowa dostawa do punktu odbioru na wszystkie zamówienia.
2022-02-07,Geo5,Darmowa dostawa do punktu odbioru na wszystkie zamówienia.
2021-09-20,Geo6,Darmowa dostawa do punktu odbioru na wszystkie zamówienia.
2022-06-13,Geo7,Darmowa dostawa do punktu odbioru na wszystkie zamówienia.
2022-09-26,Geo7,Darmowa dostawa do punktu odbioru na wszystkie zamówienia.
2023-11-27,Geo0,Darmowa dostawa do punktu odbioru od 200 zł.
2023-11-20,Geo10,Darmowa dostawa do punktu odbioru od 200 zł.
2021-03-01,Geo10,Darmowa dostawa do punktu odbioru od 200 zł.
2021-11-15,Geo11,Darmowa dostawa do punktu odbioru od 200 zł.
2023-06-19,Geo11,Darmowa dostawa do punktu odbioru od 200 zł.
2022-05-16,Geo11,Darmowa dostawa do punktu odbioru od 200 zł.
2022-10-24,Geo14,Darmowa dostawa do punktu odbioru od 200 zł.
2023-10-23,Geo15,Darmowa dostawa do punktu odbioru od 200 zł.
2021-12-27,Geo16,Darmowa dostawa do punktu odbioru od 200 zł.
2023-04-17,Geo16,Darmowa dostawa do punktu odbioru od 200 zł.
2023-06-12,Geo16,Darmowa dostawa do punktu odbioru od 200 zł.
2021-08-23,Geo17,Darmowa dostawa do punktu odbioru od 200 zł.
2021-02-15,Geo17,Darmowa dostawa do punktu odbioru od 200 zł.
2022-01-10,Geo17,Darmowa dostawa do punktu odbioru od 200 zł.
2021-01-25,Geo18,Darmowa dostawa do punktu odbioru od 200 zł.
2023-09-25,Geo19,Darmowa dostawa do punktu odbioru od 200 zł.
2022-01-03,Geo19,Darmowa dostawa do punktu odbioru od 200 zł.
2023-02-20,Geo20,Darmowa dostawa do punktu odbioru od 200 zł.
2022-01-17,Geo22,Darmowa dostawa do punktu odbioru od 200 zł.
2021-11-15,Geo22,Darmowa dostawa do punktu odbioru od 200 zł.
2023-01-23,Geo22,Darmowa dostawa do punktu odbioru od 200 zł.
2021-03-08,Geo23,Darmowa dostawa do punktu odbioru od 200 zł.
2021-04-26,Geo23,Darmowa dostawa do punktu odbioru od 200 zł.
2023-02-27,Geo24,Darmowa dostawa do punktu odbioru od 200 zł.
2023-09-18,Geo24,Darmowa dostawa do punktu odbioru od 200 zł.
2021-02-22,Geo24,Darmowa dostawa do punktu odbioru od 200 zł.
2023-05-22,Geo25,Darmowa dostawa do punktu odbioru od 200 zł.
2022-11-28,Geo25,Darmowa dostawa do punktu odbioru od 200 zł.
2021-11-08,Geo25,Darmowa dostawa do punktu odbioru od 200 zł.
2022-02-14,Geo26,Darmowa dostawa do punktu odbioru od 200 zł.
2022-12-26,Geo28,Darmowa dostawa do punktu odbioru od 200 zł.
2023-03-06,Geo29,Darmowa dostawa do punktu odbioru od 200 zł.
2022-06-13,Geo3,Darmowa dostawa do punktu odbioru od 200 zł.
2022-01-24,Geo30,Darmowa dostawa do punktu odbioru od 200 zł.
2022-07-04,Geo31,Darmowa dostawa do punktu odbioru od 200 zł.
2022-08-15,Geo32,Darmowa dostawa do punktu odbioru od 200 zł.
2021-02-08,Geo32,Darmowa dostawa do punktu odbioru od 200 zł.
2023-12-18,Geo32,Darmowa dostawa do punktu odbioru od 200 zł.
2021-08-16,Geo33,Darmowa dostawa do punktu odbioru od 200 zł.
2023-04-17,Geo33,Darmowa dostawa do punktu odbioru od 200 zł.
2023-01-09,Geo34,Darmowa dostawa do punktu odbioru od 200 zł.
2022-06-13,Geo34,Darmowa dostawa do punktu odbioru od 200 zł.
2023-07-24,Geo34,Darmowa dostawa do punktu odbioru od 200 zł.
2023-08-28,Geo34,Darmowa dostawa do punktu odbioru od 200 zł.
2023-12-25,Geo34,Darmowa dostawa do punktu odbioru od 200 zł.
2022-12-26,Geo36,Darmowa dostawa do punktu odbioru od 200 zł.
2022-01-31,Geo36,Darmowa dostawa do punktu odbioru od 200 zł.
2021-04-26,Geo37,Darmowa dostawa do punktu odbioru od 200 zł.
2022-05-09,Geo38,Darmowa dostawa do punktu odbioru od 200 zł.
2022-02-21,Geo38,Darmowa dostawa do punktu odbioru od 200 zł.
2021-12-27,Geo39,Darmowa dostawa do punktu odbioru od 200 zł.
2021-11-15,Geo39,Darmowa dostawa do punktu odbioru od 200 zł.
2022-06-06,Geo39,Darmowa dostawa do punktu odbioru od 200 zł.
2022-01-17,Geo4,Darmowa dostawa do punktu odbioru od 200 zł.
2021-11-08,Geo4,Darmowa dostawa do punktu odbioru od 200 zł.
2021-04-19,Geo8,Darmowa dostawa do punktu odbioru od 200 zł.
2023-02-27,Geo9,Darmowa dostawa do punktu odbioru od 200 zł.
2023-08-28,Geo10,Darmowa dostawa ekspresowa dla zamówień powyżej 200 zł.
2021-12-13,Geo14,Darmowa dostawa ekspresowa dla zamówień powyżej 200 zł.
2023-04-03,Geo16,Darmowa dostawa ekspresowa dla zamówień powyżej 200 zł.
2023-05-29,Geo17,Darmowa dostawa ekspresowa dla zamówień powyżej 200 zł.
2022-01-24,Geo3,Darmowa dostawa ekspresowa dla zamówień powyżej 200 zł.
2021-03-22,Geo36,Darmowa dostawa ekspresowa dla zamówień powyżej 200 zł.
2021-07-05,Geo38,Darmowa dostawa ekspresowa dla zamówień powyżej 200 zł.
2022-07-18,Geo6,Darmowa dostawa ekspresowa dla zamówień powyżej 200 zł.
2023-08-14,Geo9,Darmowa dostawa ekspresowa dla zamówień powyżej 200 zł.
2021-12-13,Geo1,Darmowa dostawa ekspresowa i gratis o wartości 60 zł.
2021-12-13,Geo33,Darmowa dostawa ekspresowa i zwrot bez progu.
2023-12-25,Geo4,Darmowa dostawa ekspresowa i zwrot bez progu.
2021-05-31,Geo1,Darmowa dostawa ekspresowa na wszystkie zamówienia.
2022-11-21,Geo13,Darmowa dostawa ekspresowa na wszystkie zamówienia.
2022-09-05,Geo2,Darmowa dostawa ekspresowa na wszystkie zamówienia.
2021-08-30,Geo23,Darmowa dostawa ekspresowa na wszystkie zamówienia.
2022-06-27,Geo31,Darmowa dostawa ekspresowa na wszystkie zamówienia.
2023-09-04,Geo0,Darmowa dostawa i darmowy zwrot dla subskrybentów newslettera.
2022-04-04,Geo10,Darmowa dostawa i darmowy zwrot dla subskrybentów newslettera.
2023-05-29,Geo12,Darmowa dostawa i darmowy zwrot dla subskrybentów newslettera.
2022-07-04,Geo12,Darmowa dostawa i darmowy zwrot dla subskrybentów newslettera.
2023-06-05,Geo12,Darmowa dostawa i darmowy zwrot dla subskrybentów newslettera.
2023-01-16,Geo14,Darmowa dostawa i darmowy zwrot dla subskrybentów newslettera.
2023-10-16,Geo14,Darmowa dostawa i darmowy zwrot dla subskrybentów newslettera.
2022-08-08,Geo14,Darmowa dostawa i darmowy zwrot dla subskrybentów newslettera.
2021-02-08,Geo15,Darmowa dostawa i darmowy zwrot dla subskrybentów newslettera.
2021-10-11,Geo16,Darmowa dostawa i darmowy zwrot dla subskrybentów newslettera.
2023-07-31,Geo17,Darmowa dostawa i darmowy zwrot dla subskrybentów newslettera.
2022-01-17,Geo19,Darmowa dostawa i darmowy zwrot dla subskrybentów newslettera.
2023-02-20,Geo19,Darmowa dostawa i darmowy zwrot dla subskrybentów newslettera.
2023-09-25,Geo20,Darmowa dostawa i darmowy zwrot dla subskrybentów newslettera.
2021-10-18,Geo21,Darmowa dostawa i darmowy zwrot dla subskrybentów newslettera.
2022-01-03,Geo23,Darmowa dostawa i darmowy zwrot dla subskrybentów newslettera.
2021-06-14,Geo24,Darmowa dostawa i darmowy zwrot dla subskrybentów newslettera.
2024-01-01,Geo24,Darmowa dostawa i darmowy zwrot dla subskrybentów newslettera.
2022-11-14,Geo26,Darmowa dostawa i darmowy zwrot dla subskrybentów newslettera.
2023-09-25,Geo27,Darmowa dostawa i darmowy zwrot dla subskrybentów newslettera.
2021-05-31,Geo27,Darmowa dostawa i darmowy zwrot dla subskrybentów newslettera.
2021-02-15,Geo28,Darmowa dostawa i darmowy zwrot dla subskrybentów newslettera.
2023-10-30,Geo28,Darmowa dostawa i darmowy zwrot dla subskrybentów newslettera.
2021-04-26,Geo29,Darmowa dostawa i darmowy zwrot dla subskrybentów newslettera.
2021-02-08,Geo29,Darmowa dostawa i darmowy zwrot dla subskrybentów newslettera.
2023-04-03,Geo29,Darmowa dostawa i darmowy zwrot dla subskrybentów newslettera.
2023-11-20,Geo3,Darmowa dostawa i darmowy zwrot dla subskrybentów newslettera.
2023-09-25,Geo33,Darmowa dostawa i darmowy zwrot dla subskrybentów newslettera.
2022-10-17,Geo33,Darmowa dostawa i darmowy zwrot dla subskrybentów newslettera.
2022-11-07,Geo33,Darmowa dostawa i darmowy zwrot dla subskrybentów newslettera.
2021-09-06,Geo34,Darmowa dostawa i darmowy zwrot dla subskrybentów newslettera.
2022-08-22,Geo35,Darmowa dostawa i darmowy zwrot dla subskrybentów newslettera.
2023-06-12,Geo36,Darmowa dostawa i darmowy zwrot dla subskrybentów newslettera.
2023-02-13,Geo37,Darmowa dostawa i darmowy zwrot dla subskrybentów newslettera.
2023-10-16,Geo37,Darmowa dostawa i darmowy zwrot dla subskrybentów newslettera.
2023-12-04,Geo39,Darmowa dostawa i darmowy zwrot dla subskrybentów newslettera.
2023-11-27,Geo5,Darmowa dostawa i darmowy zwrot dla subskrybentów newslettera.
2023-04-03,Geo7,Darmowa dostawa i darmowy zwrot dla subskrybentów newslettera.
2021-10-18,Geo19,Darmowa dostawa i dwa produkty premium w prezencie.
2022-09-26,Geo0,Darmowa dostawa i gratis o wartości 30 zł do zamówień powyżej 250 zł.
2022-10-24,Geo10,Darmowa dostawa i gratis o wartości 30 zł do zamówień powyżej 250 zł.
2023-11-06,Geo12,Darmowa dostawa i gratis o wartości 30 zł do zamówień powyżej 250 zł.
2022-06-27,Geo13,Darmowa dostawa i gratis o wartości 30 zł do zamówień powyżej 250 zł.
2021-12-20,Geo14,Darmowa dostawa i gratis o wartości 30 zł do zamówień powyżej 250 zł.
2023-04-10,Geo16,Darmowa dostawa i gratis o wartości 30 zł do zamówień powyżej 250 zł.
2022-07-11,Geo2,Darmowa dostawa i gratis o wartości 30 zł do zamówień powyżej 250 zł.
2022-12-19,Geo22,Darmowa dostawa i gratis o wartości 30 zł do zamówień powyżej 250 zł.
2022-07-11,Geo23,Darmowa dostawa i gratis o wartości 30 zł do zamówień powyżej 250 zł.
2021-08-23,Geo26,Darmowa dostawa i gratis o wartości 30 zł do zamówień powyżej 250 zł.
2021-08-30,Geo26,Darmowa dostawa i gratis o wartości 30 zł do zamówień powyżej 250 zł.
2024-01-01,Geo27,Darmowa dostawa i gratis o wartości 30 zł do zamówień powyżej 250 zł.
2023-10-23,Geo31,Darmowa dostawa i gratis o wartości 30 zł do zamówień powyżej 250 zł.
2021-11-08,Geo31,Darmowa dostawa i gratis o wartości 30 zł do zamówień powyżej 250 zł.
2022-02-21,Geo36,Darmowa dostawa i gratis o wartości 30 zł do zamówień powyżej 250 zł.
2021-03-01,Geo4,Darmowa dostawa i gratis o wartości 30 zł do zamówień powyżej 250 zł.
2023-09-18,Geo17,Darmowa dostawa i gratis o wartości 40 zł do zamówień powyżej 300 zł.
2021-12-13,Geo19,Darmowa dostawa i gratis o wartości 40 zł do zamówień powyżej 300 zł.
2023-11-20,Geo19,Darmowa dostawa i gratis o wartości 40 zł do zamówień powyżej 300 zł.
2023-10-23,Geo21,Darmowa dostawa i gratis o wartości 40 zł do zamówień powyżej 300 zł.
2021-12-27,Geo28,Darmowa dostawa i gratis o wartości 40 zł do zamówień powyżej 300 zł.
2023-10-02,Geo30,Darmowa dostawa i gratis o wartości 40 zł do zamówień powyżej 300 zł.
2023-08-14,Geo36,Darmowa dostawa i gratis o wartości 40 zł do zamówień powyżej 300 zł.
2023-10-23,Geo39,Darmowa dostawa i gratis o wartości 40 zł do zamówień powyżej 300 zł.
2023-12-18,Geo7,Darmowa dostawa i gratis o wartości 40 zł do zamówień powyżej 300 zł.
2023-12-04,Geo0,Darmowa dostawa i produkt-niespodzianka do zamówień powyżej 200 zł.
2022-02-14,Geo15,Darmowa dostawa i produkt-niespodzianka do zamówień powyżej 200 zł.
2022-12-26,Geo16,Darmowa dostawa i produkt-niespodzianka do zamówień powyżej 200 zł.
2023-08-07,Geo2,Darmowa dostawa i produkt-niespodzianka do zamówień powyżej 200 zł.
2021-10-18,Geo20,Darmowa dostawa i produkt-niespodzianka do zamówień powyżej 200 zł.
2021-03-08,Geo26,Darmowa dostawa i produkt-niespodzianka do zamówień powyżej 200 zł.
2021-07-05,Geo26,Darmowa dostawa i produkt-niespodzianka do zamówień powyżej 200 zł.
2021-06-28,Geo26,Darmowa dostawa i produkt-niespodzianka do zamówień powyżej 200 zł.
2023-05-29,Geo29,Darmowa dostawa i produkt-niespodzianka do zamówień powyżej 200 zł.
2023-01-09,Geo30,Darmowa dostawa i produkt-niespodzianka do zamówień powyżej 200 zł.
2023-07-10,Geo32,Darmowa dostawa i produkt-niespodzianka do zamówień powyżej 200 zł.
2022-10-03,Geo32,Darmowa dostawa i produkt-niespodzianka do zamówień powyżej 200 zł.
2021-01-25,Geo33,Darmowa dostawa i produkt-niespodzianka do zamówień powyżej 200 zł.
2023-02-20,Geo33,Darmowa dostawa i produkt-niespodzianka do zamówień powyżej 200 zł.
2021-09-20,Geo34,Darmowa dostawa i produkt-niespodzianka do zamówień powyżej 200 zł.
2021-06-21,Geo39,Darmowa dostawa i produkt-niespodzianka do zamówień powyżej 200 zł.
2022-06-13,Geo4,Darmowa dostawa i produkt-niespodzianka do zamówień powyżej 200 zł.
2023-12-11,Geo4,Darmowa dostawa i produkt-niespodzianka do zamówień powyżej 200 zł.
2022-06-27,Geo11,Darmowa dostawa i zwrot bez kwoty minimalnej.
2021-02-08,Geo2,Darmowa dostawa i zwrot bez kwoty minimalnej.
2022-04-04,Geo20,Darmowa dostawa i zwrot bez kwoty minimalnej.
2023-11-27,Geo26,Darmowa dostawa i zwrot bez kwoty minimalnej.
2021-08-30,Geo29,Darmowa dostawa i zwrot bez kwoty minimalnej.
2023-10-23,Geo32,Darmowa dostawa i zwrot bez kwoty minimalnej.
2023-09-25,Geo5,Darmowa dostawa i zwrot bez kwoty minimalnej.
2021-08-30,Geo5,Darmowa dostawa i zwrot bez kwoty minimalnej.
2023-10-30,Geo7,Darmowa dostawa i zwrot bez kwoty minimalnej.
2023-07-10,Geo0,Darmowa dostawa i zwrot dla zamówień powyżej 150 zł.
2022-07-11,Geo0,Darmowa dostawa i zwrot dla zamówień powyżej 150 zł.
2021-04-19,Geo11,Darmowa dostawa i zwrot dla zamówień powyżej 150 zł.
2023-07-10,Geo13,Darmowa dostawa i zwrot dla zamówień powyżej 150 zł.
2021-06-21,Geo13,Darmowa dostawa i zwrot dla zamówień powyżej 150 zł.
2023-11-13,Geo14,Darmowa dostawa i zwrot dla zamówień powyżej 150 zł.
2023-10-02,Geo16,Darmowa dostawa i zwrot dla zamówień powyżej 150 zł.
2023-03-27,Geo16,Darmowa dostawa i zwrot dla zamówień powyżej 150 zł.
2021-12-20,Geo16,Darmowa dostawa i zwrot dla zamówień powyżej 150 zł.
2022-06-20,Geo17,Darmowa dostawa i zwrot dla zamówień powyżej 150 zł.
2022-09-12,Geo17,Darmowa dostawa i zwrot dla zamówień powyżej 150 zł.
2023-11-06,Geo20,Darmowa dostawa i zwrot dla zamówień powyżej 150 zł.
2021-06-28,Geo21,Darmowa dostawa i zwrot dla zamówień powyżej 150 zł.
2023-08-14,Geo25,Darmowa dostawa i zwrot dla zamówień powyżej 150 zł.
2021-03-29,Geo25,Darmowa dostawa i zwrot dla zamówień powyżej 150 zł.
2023-04-17,Geo26,Darmowa dostawa i zwrot dla zamówień powyżej 150 zł.
2021-09-27,Geo26,Darmowa dostawa i zwrot dla zamówień powyżej 150 zł.
2023-08-07,Geo27,Darmowa dostawa i zwrot dla zamówień powyżej 150 zł.
2023-11-20,Geo27,Darmowa dostawa i zwrot dla zamówień powyżej 150 zł.
2021-04-05,Geo29,Darmowa dostawa i zwrot dla zamówień powyżej 150 zł.
2022-02-07,Geo3,Darmowa dostawa i zwrot dla zamówień powyżej 150 zł.
2023-08-07,Geo3,Darmowa dostawa i zwrot dla zamówień powyżej 150 zł.
2021-06-14,Geo3,Darmowa dostawa i zwrot dla zamówień powyżej 150 zł.
2022-05-30,Geo34,Darmowa dostawa i zwrot dla zamówień powyżej 150 zł.
2022-07-11,Geo34,Darmowa dostawa i zwrot dla zamówień powyżej 150 zł.
2021-08-09,Geo34,Darmowa dostawa i zwrot dla zamówień powyżej 150 zł.
2022-05-30,Geo39,Darmowa dostawa i zwrot dla zamówień powyżej 150 zł.
2022-10-03,Geo4,Darmowa dostawa i zwrot dla zamówień powyżej 150 zł.
2022-10-10,Geo5,Darmowa dostawa i zwrot dla zamówień powyżej 150 zł.
2023-11-27,Geo7,Darmowa dostawa i zwrot dla zamówień powyżej 150 zł.
2023-05-01,Geo8,Darmowa dostawa i zwrot dla zamówień powyżej 150 zł.
2023-12-04,Geo8,Darmowa dostawa i zwrot dla zamówień powyżej 150 zł.
2023-06-26,Geo19,Darmowa dostawa i zwrot na wszystkie zamówienia bez progu.
2023-11-13,Geo30,Darmowa dostawa i zwrot na wszystkie zamówienia bez progu.
2023-05-29,Geo0,Darmowa dostawa i zwrot na wszystkie zamówienia powyżej 100 zł.
2021-08-23,Geo10,Darmowa dostawa i zwrot na wszystkie zamówienia powyżej 100 zł.
2022-08-15,Geo16,Darmowa dostawa i zwrot na wszystkie zamówienia powyżej 100 zł.
2023-10-02,Geo22,Darmowa dostawa i zwrot na wszystkie zamówienia powyżej 100 zł.
2023-02-13,Geo22,Darmowa dostawa i zwrot na wszystkie zamówienia powyżej 100 zł.
2023-06-05,Geo26,Darmowa dostawa i zwrot na wszystkie zamówienia powyżej 100 zł.
2023-04-10,Geo3,Darmowa dostawa i zwrot na wszystkie zamówienia powyżej 100 zł.
2023-08-14,Geo30,Darmowa dostawa i zwrot na wszystkie zamówienia powyżej 100 zł.
2022-07-11,Geo33,Darmowa dostawa i zwrot na wszystkie zamówienia powyżej 100 zł.
2022-08-29,Geo34,Darmowa dostawa i zwrot na wszystkie zamówienia powyżej 100 zł.
2023-07-10,Geo34,Darmowa dostawa i zwrot na wszystkie zamówienia powyżej 100 zł.
2023-12-04,Geo6,Darmowa dostawa i zwrot na wszystkie zamówienia powyżej 100 zł.
2022-09-05,Geo6,Darmowa dostawa i zwrot na wszystkie zamówienia powyżej 100 zł.
2023-01-09,Geo7,Darmowa dostawa i zwrot na wszystkie zamówienia powyżej 100 zł.
2021-08-30,Geo7,Darmowa dostawa i zwrot na wszystkie zamówienia powyżej 100 zł.
2021-10-11,Geo8,Darmowa dostawa i zwrot na wszystkie zamówienia powyżej 100 zł.
2021-10-18,Geo33,Darmowa dostawa i zwrot plus bon 100 zł na kolejne zakupy.
2023-01-02,Geo19,Darmowa dostawa i zwrot plus bon 50 zł na kolejne zakupy.
2023-12-11,Geo11,Darmowa dostawa i zwrot plus gratis o wartości 50 zł.
2021-02-22,Geo37,Darmowa dostawa i zwrot plus gratis o wartości 50 zł.
2022-03-07,Geo37,Darmowa dostawa i zwrot plus gratis o wartości 50 zł.
2021-12-13,Geo29,"Darmowa dostawa i zwrot, plus bon 75 zł na kolejne zakupy."
2022-06-27,Geo3,"Darmowa dostawa i zwrot, plus bon 75 zł na kolejne zakupy."
2022-07-04,Geo32,"Darmowa dostawa i zwrot, plus bon 75 zł na kolejne zakupy."
2023-06-05,Geo1,Darmowa dostawa kurierem dla zamówień od 150 zł.
2022-09-26,Geo11,Darmowa dostawa kurierem dla zamówień od 150 zł.
2023-07-10,Geo11,Darmowa dostawa kurierem dla zamówień od 150 zł.
2022-08-01,Geo12,Darmowa dostawa kurierem dla zamówień od 150 zł.
2023-02-27,Geo13,Darmowa dostawa kurierem dla zamówień od 150 zł.
2022-12-05,Geo14,Darmowa dostawa kurierem dla zamówień od 150 zł.
2023-02-27,Geo14,Darmowa dostawa kurierem dla zamówień od 150 zł.
2022-08-01,Geo15,Darmowa dostawa kurierem dla zamówień od 150 zł.
2022-02-07,Geo15,Darmowa dostawa kurierem dla zamówień od 150 zł.
2022-05-30,Geo16,Darmowa dostawa kurierem dla zamówień od 150 zł.
2022-07-18,Geo18,Darmowa dostawa kurierem dla zamówień od 150 zł.
2023-04-03,Geo19,Darmowa dostawa kurierem dla zamówień od 150 zł.
2022-05-23,Geo2,Darmowa dostawa kurierem dla zamówień od 150 zł.
2021-05-24,Geo20,Darmowa dostawa kurierem dla zamówień od 150 zł.
2022-05-16,Geo21,Darmowa dostawa kurierem dla zamówień od 150 zł.
2021-04-19,Geo21,Darmowa dostawa kurierem dla zamówień od 150 zł.
2022-08-22,Geo22,Darmowa dostawa kurierem dla zamówień od 150 zł.
2022-07-11,Geo24,Darmowa dostawa kurierem dla zamówień od 150 zł.
2023-07-31,Geo24,Darmowa dostawa kurierem dla zamówień od 150 zł.
2021-03-01,Geo24,Darmowa dostawa kurierem dla zamówień od 150 zł.
2023-07-24,Geo25,Darmowa dostawa kurierem dla zamówień od 150 zł.
2023-11-20,Geo26,Darmowa dostawa kurierem dla zamówień od 150 zł.
2021-11-08,Geo26,Darmowa dostawa kurierem dla zamówień od 150 zł.
2022-07-18,Geo26,Darmowa dostawa kurierem dla zamówień od 150 zł.
2023-12-25,Geo28,Darmowa dostawa kurierem dla zamówień od 150 zł.
2023-10-09,Geo28,Darmowa dostawa kurierem dla zamówień od 150 zł.
2021-05-03,Geo28,Darmowa dostawa kurierem dla zamówień od 150 zł.
2021-05-10,Geo31,Darmowa dostawa kurierem dla zamówień od 150 zł.
2022-09-05,Geo33,Darmowa dostawa kurierem dla zamówień od 150 zł.
2022-10-31,Geo33,Darmowa dostawa kurierem dla zamówień od 150 zł.
2022-06-06,Geo37,Darmowa dostawa kurierem dla zamówień od 150 zł.
2022-01-17,Geo38,Darmowa dostawa kurierem dla zamówień od 150 zł.
2023-05-15,Geo4,Darmowa dostawa kurierem dla zamówień od 150 zł.
2022-09-12,Geo5,Darmowa dostawa kurierem dla zamówień od 150 zł.
2022-06-27,Geo9,Darmowa dostawa kurierem dla zamówień od 150 zł.
2021-05-10,Geo1,Darmowa dostawa kurierem dla zamówień od 200 zł.
2023-04-10,Geo10,Darmowa dostawa kurierem dla zamówień od 200 zł.
2023-01-09,Geo11,Darmowa dostawa kurierem dla zamówień od 200 zł.
2022-12-12,Geo12,Darmowa dostawa kurierem dla zamówień od 200 zł.
2022-10-24,Geo13,Darmowa dostawa kurierem dla zamówień od 200 zł.
2021-11-15,Geo13,Darmowa dostawa kurierem dla zamówień od 200 zł.
2022-11-28,Geo14,Darmowa dostawa kurierem dla zamówień od 200 zł.
2023-09-11,Geo15,Darmowa dostawa kurierem dla zamówień od 200 zł.
2021-12-06,Geo15,Darmowa dostawa kurierem dla zamówień od 200 zł.
2023-01-09,Geo16,Darmowa dostawa kurierem dla zamówień od 200 zł.
2023-06-26,Geo18,Darmowa dostawa kurierem dla zamówień od 200 zł.
2021-02-22,Geo19,Darmowa dostawa kurierem dla zamówień od 200 zł.
2022-01-31,Geo20,Darmowa dostawa kurierem dla zamówień od 200 zł.
2022-01-10,Geo20,Darmowa dostawa kurierem dla zamówień od 200 zł.
2022-11-21,Geo21,Darmowa dostawa kurierem dla zamówień od 200 zł.
2021-12-13,Geo21,Darmowa dostawa kurierem dla zamówień od 200 zł.
2022-10-10,Geo23,Darmowa dostawa kurierem dla zamówień od 200 zł.
2021-11-08,Geo23,Darmowa dostawa kurierem dla zamówień od 200 zł.
2023-07-24,Geo23,Darmowa dostawa kurierem dla zamówień od 200 zł.
2022-05-16,Geo24,Darmowa dostawa kurierem dla zamówień od 200 zł.
2021-10-18,Geo25,Darmowa dostawa kurierem dla zamówień od 200 zł.
2021-02-08,Geo28,Darmowa dostawa kurierem dla zamówień od 200 zł.
2023-10-02,Geo29,Darmowa dostawa kurierem dla zamówień od 200 zł.
2023-09-25,Geo3,Darmowa dostawa kurierem dla zamówień od 200 zł.
2023-04-03,Geo3,Darmowa dostawa kurierem dla zamówień od 200 zł.
2022-05-16,Geo3,Darmowa dostawa kurierem dla zamówień od 200 zł.
2023-10-02,Geo3,Darmowa dostawa kurierem dla zamówień od 200 zł.
2022-07-11,Geo30,Darmowa dostawa kurierem dla zamówień od 200 zł.
2023-04-17,Geo31,Darmowa dostawa kurierem dla zamówień od 200 zł.
2023-04-17,Geo32,Darmowa dostawa kurierem dla zamówień od 200 zł.
2023-10-16,Geo33,Darmowa dostawa kurierem dla zamówień od 200 zł.
2022-08-29,Geo33,Darmowa dostawa kurierem dla zamówień od 200 zł.
2022-07-18,Geo34,Darmowa dostawa kurierem dla zamówień od 200 zł.
2022-05-16,Geo34,Darmowa dostawa kurierem dla zamówień od 200 zł.
2023-05-15,Geo34,Darmowa dostawa kurierem dla zamówień od 200 zł.
2023-06-12,Geo35,Darmowa dostawa kurierem dla zamówień od 200 zł.
2023-09-25,Geo35,Darmowa dostawa kurierem dla zamówień od 200 zł.
2022-01-24,Geo39,Darmowa dostawa kurierem dla zamówień od 200 zł.
2023-11-20,Geo39,Darmowa dostawa kurierem dla zamówień od 200 zł.
2021-08-09,Geo4,Darmowa dostawa kurierem dla zamówień od 200 zł.
2022-02-21,Geo4,Darmowa dostawa kurierem dla zamówień od 200 zł.
2021-03-01,Geo5,Darmowa dostawa kurierem dla zamówień od 200 zł.
2022-08-29,Geo6,Darmowa dostawa kurierem dla zamówień od 200 zł.
2022-02-07,Geo6,Darmowa dostawa kurierem dla zamówień od 200 zł.
2023-07-24,Geo6,Darmowa dostawa kurierem dla zamówień od 200 zł.
2021-02-01,Geo7,Darmowa dostawa kurierem dla zamówień od 200 zł.
2021-06-14,Geo7,Darmowa dostawa kurierem dla zamówień od 200 zł.
2021-08-09,Geo9,Darmowa dostawa kurierem dla zamówień od 200 zł.
2021-05-17,Geo20,Darmowa dostawa kurierem i gratis o wartości 50 zł.
2023-10-16,Geo22,Darmowa dostawa kurierem i zwrot na wszystko.
2023-01-02,Geo39,Darmowa dostawa kurierem i zwrot na wszystko.
2021-02-08,Geo11,Darmowa dostawa kurierem na wszystkie zamówienia w weekend.
2023-05-22,Geo11,Darmowa dostawa kurierem na wszystkie zamówienia w weekend.
2023-11-20,Geo11,Darmowa dostawa kurierem na wszystkie zamówienia w weekend.
2023-10-30,Geo15,Darmowa dostawa kurierem na wszystkie zamówienia w weekend.
2022-11-21,Geo19,Darmowa dostawa kurierem na wszystkie zamówienia w weekend.
2021-09-20,Geo19,Darmowa dostawa kurierem na wszystkie zamówienia w weekend.
2023-11-27,Geo20,Darmowa dostawa kurierem na wszystkie zamówienia w weekend.
2023-12-04,Geo21,Darmowa dostawa kurierem na wszystkie zamówienia w weekend.
2023-08-28,Geo21,Darmowa dostawa kurierem na wszystkie zamówienia w weekend.
2021-08-30,Geo21,Darmowa dostawa kurierem na wszystkie zamówienia w weekend.
2021-07-05,Geo23,Darmowa dostawa kurierem na wszystkie zamówienia w weekend.
2023-10-09,Geo26,Darmowa dostawa kurierem na wszystkie zamówienia w weekend.
2022-09-26,Geo31,Darmowa dostawa kurierem na wszystkie zamówienia w weekend.
2021-11-08,Geo35,Darmowa dostawa kurierem na wszystkie zamówienia w weekend.
2023-08-28,Geo4,Darmowa dostawa kurierem na wszystkie zamówienia w weekend.
2021-11-15,Geo7,Darmowa dostawa kurierem na wszystkie zamówienia w weekend.
2022-10-03,Geo0,Darmowa dostawa kurierem na wszystkie zamówienia.
2021-10-18,Geo12,Darmowa dostawa kurierem na wszystkie zamówienia.
2022-07-11,Geo12,Darmowa dostawa kurierem na wszystkie zamówienia.
2021-10-18,Geo13,Darmowa dostawa kurierem na wszystkie zamówienia.
2023-07-10,Geo15,Darmowa dostawa kurierem na wszystkie zamówienia.
2023-11-20,Geo15,Darmowa dostawa kurierem na wszystkie zamówienia.
2023-10-02,Geo17,Darmowa dostawa kurierem na wszystkie zamówienia.
2023-06-05,Geo2,Darmowa dostawa kurierem na wszystkie zamówienia.
2022-10-31,Geo20,Darmowa dostawa kurierem na wszystkie zamówienia.
2021-11-15,Geo23,Darmowa dostawa kurierem na wszystkie zamówienia.
2022-09-05,Geo27,Darmowa dostawa kurierem na wszystkie zamówienia.
2023-08-14,Geo37,Darmowa dostawa kurierem na wszystkie zamówienia.
2023-11-13,Geo39,Darmowa dostawa kurierem na wszystkie zamówienia.
2021-12-06,Geo4,Darmowa dostawa kurierem na wszystkie zamówienia.
2022-10-31,Geo5,Darmowa dostawa kurierem na wszystkie zamówienia.
2023-10-23,Geo5,Darmowa dostawa kurierem na wszystkie zamówienia.
2024-01-01,Geo1,Darmowa dostawa na wszystkie zamówienia przez 3 dni.
2023-01-23,Geo11,Darmowa dostawa na wszystkie zamówienia przez 3 dni.
2023-01-09,Geo12,Darmowa dostawa na wszystkie zamówienia przez 3 dni.
2022-05-16,Geo13,Darmowa dostawa na wszystkie zamówienia przez 3 dni.
2021-08-09,Geo13,Darmowa dostawa na wszystkie zamówienia przez 3 dni.
2021-09-20,Geo14,Darmowa dostawa na wszystkie zamówienia przez 3 dni.
2021-10-18,Geo17,Darmowa dostawa na wszystkie zamówienia przez 3 dni.
2021-12-13,Geo18,Darmowa dostawa na wszystkie zamówienia przez 3 dni.
2021-10-11,Geo19,Darmowa dostawa na wszystkie zamówienia przez 3 dni.
2022-08-29,Geo2,Darmowa dostawa na wszystkie zamówienia przez 3 dni.
2022-04-18,Geo22,Darmowa dostawa na wszystkie zamówienia przez 3 dni.
2022-07-04,Geo25,Darmowa dostawa na wszystkie zamówienia przez 3 dni.
2022-10-31,Geo34,Darmowa dostawa na wszystkie zamówienia przez 3 dni.
2023-10-02,Geo36,Darmowa dostawa na wszystkie zamówienia przez 3 dni.
2023-09-04,Geo4,Darmowa dostawa na wszystkie zamówienia przez 3 dni.
2023-11-13,Geo5,Darmowa dostawa na wszystkie zamówienia przez 3 dni.
2022-10-31,Geo7,Darmowa dostawa na wszystkie zamówienia przez 3 dni.
2022-12-26,Geo1,Darmowa dostawa na wszystkie zamówienia w weekend.
2022-08-01,Geo1,Darmowa dostawa na wszystkie zamówienia w weekend.
2023-02-20,Geo10,Darmowa dostawa na wszystkie zamówienia w weekend.
2023-05-15,Geo10,Darmowa dostawa na wszystkie zamówienia w weekend.
2023-05-29,Geo11,Darmowa dostawa na wszystkie zamówienia w weekend.
2021-05-03,Geo11,Darmowa dostawa na wszystkie zamówienia w weekend.
2023-04-17,Geo14,Darmowa dostawa na wszystkie zamówienia w weekend.
2021-04-12,Geo17,Darmowa dostawa na wszystkie zamówienia w weekend.
2022-05-23,Geo17,Darmowa dostawa na wszystkie zamówienia w weekend.
2021-05-31,Geo18,Darmowa dostawa na wszystkie zamówienia w weekend.
2023-02-06,Geo21,Darmowa dostawa na wszystkie zamówienia w weekend.
2023-01-02,Geo21,Darmowa dostawa na wszystkie zamówienia w weekend.
2023-11-13,Geo22,Darmowa dostawa na wszystkie zamówienia w weekend.
2021-09-20,Geo25,Darmowa dostawa na wszystkie zamówienia w weekend.
2021-05-17,Geo25,Darmowa dostawa na wszystkie zamówienia w weekend.
2023-05-29,Geo26,Darmowa dostawa na wszystkie zamówienia w weekend.
2023-08-28,Geo26,Darmowa dostawa na wszystkie zamówienia w weekend.
2022-07-11,Geo26,Darmowa dostawa na wszystkie zamówienia w weekend.
2022-01-10,Geo29,Darmowa dostawa na wszystkie zamówienia w weekend.
2021-05-03,Geo29,Darmowa dostawa na wszystkie zamówienia w weekend.
2021-08-23,Geo32,Darmowa dostawa na wszystkie zamówienia w weekend.
2023-05-29,Geo33,Darmowa dostawa na wszystkie zamówienia w weekend.
2023-08-07,Geo33,Darmowa dostawa na wszystkie zamówienia w weekend.
2022-08-08,Geo35,Darmowa dostawa na wszystkie zamówienia w weekend.
2023-05-29,Geo35,Darmowa dostawa na wszystkie zamówienia w weekend.
2022-10-31,Geo39,Darmowa dostawa na wszystkie zamówienia w weekend.
2022-07-18,Geo7,Darmowa dostawa na wszystkie zamówienia w weekend.
2023-12-25,Geo8,Darmowa dostawa na wszystkie zamówienia w weekend.
2022-09-12,Geo8,Darmowa dostawa na wszystkie zamówienia w weekend.
2023-04-03,Geo8,Darmowa dostawa na wszystkie zamówienia w weekend.
2023-07-10,Geo8,Darmowa dostawa na wszystkie zamówienia w weekend.
2022-04-11,Geo9,Darmowa dostawa na wszystkie zamówienia w weekend.
2021-05-31,Geo2,Darmowa dostawa na wszystko bez minimalnej kwoty zamówienia.
2023-03-13,Geo27,Darmowa dostawa na wszystko bez minimalnej kwoty zamówienia.
2023-08-07,Geo30,Darmowa dostawa na wszystko bez minimalnej kwoty zamówienia.
2022-08-01,Geo10,Darmowa dostawa na wszystko w aplikacji mobilnej.
2022-01-03,Geo10,Darmowa dostawa na wszystko w aplikacji mobilnej.
2023-06-12,Geo12,Darmowa dostawa na wszystko w aplikacji mobilnej.
2021-05-10,Geo12,Darmowa dostawa na wszystko w aplikacji mobilnej.
2024-01-01,Geo13,Darmowa dostawa na wszystko w aplikacji mobilnej.
2023-01-02,Geo17,Darmowa dostawa na wszystko w aplikacji mobilnej.
2021-10-18,Geo18,Darmowa dostawa na wszystko w aplikacji mobilnej.
2023-11-06,Geo18,Darmowa dostawa na wszystko w aplikacji mobilnej.
2021-05-17,Geo21,Darmowa dostawa na wszystko w aplikacji mobilnej.
2021-02-08,Geo22,Darmowa dostawa na wszystko w aplikacji mobilnej.
2023-04-10,Geo24,Darmowa dostawa na wszystko w aplikacji mobilnej.
2021-12-06,Geo28,Darmowa dostawa na wszystko w aplikacji mobilnej.
2022-04-04,Geo29,Darmowa dostawa na wszystko w aplikacji mobilnej.
2022-11-21,Geo30,Darmowa dostawa na wszystko w aplikacji mobilnej.
2021-08-30,Geo31,Darmowa dostawa na wszystko w aplikacji mobilnej.
2023-04-10,Geo32,Darmowa dostawa na wszystko w aplikacji mobilnej.
2023-08-28,Geo32,Darmowa dostawa na wszystko w aplikacji mobilnej.
2022-09-05,Geo35,Darmowa dostawa na wszystko w aplikacji mobilnej.
2021-04-26,Geo36,Darmowa dostawa na wszystko w aplikacji mobilnej.
2023-10-09,Geo37,Darmowa dostawa na wszystko w aplikacji mobilnej.
2022-03-28,Geo4,Darmowa dostawa na wszystko w aplikacji mobilnej.
2022-11-21,Geo4,Darmowa dostawa na wszystko w aplikacji mobilnej.
2022-08-01,Geo5,Darmowa dostawa na wszystko w aplikacji mobilnej.
2021-05-03,Geo5,Darmowa dostawa na wszystko w aplikacji mobilnej.
2021-03-22,Geo9,Darmowa dostawa na wszystko w aplikacji mobilnej.
2023-02-06,Geo9,Darmowa dostawa na wszystko w aplikacji mobilnej.
2022-06-27,Geo0,Darmowa dostawa w weekend przy zamówieniu powyżej 150 zł.
2023-04-17,Geo11,Darmowa dostawa w weekend przy zamówieniu powyżej 150 zł.
2021-04-05,Geo11,Darmowa dostawa w weekend przy zamówieniu powyżej 150 zł.
2021-06-14,Geo11,Darmowa dostawa w weekend przy zamówieniu powyżej 150 zł.
2021-03-22,Geo15,Darmowa dostawa w weekend przy zamówieniu powyżej 150 zł.
2023-06-26,Geo17,Darmowa dostawa w weekend przy zamówieniu powyżej 150 zł.
2023-04-03,Geo17,Darmowa dostawa w weekend przy zamówieniu powyżej 150 zł.
2021-02-01,Geo17,Darmowa dostawa w weekend przy zamówieniu powyżej 150 zł.
2021-06-21,Geo18,Darmowa dostawa w weekend przy zamówieniu powyżej 150 zł.
2021-06-14,Geo19,Darmowa dostawa w weekend przy zamówieniu powyżej 150 zł.
2023-12-04,Geo19,Darmowa dostawa w weekend przy zamówieniu powyżej 150 zł.
2022-06-06,Geo21,Darmowa dostawa w weekend przy zamówieniu powyżej 150 zł.
2022-09-19,Geo22,Darmowa dostawa w weekend przy zamówieniu powyżej 150 zł.
2023-01-30,Geo22,Darmowa dostawa w weekend przy zamówieniu powyżej 150 zł.
2022-04-11,Geo22,Darmowa dostawa w weekend przy zamówieniu powyżej 150 zł.
2023-12-04,Geo22,Darmowa dostawa w weekend przy zamówieniu powyżej 150 zł.
2023-10-02,Geo24,Darmowa dostawa w weekend przy zamówieniu powyżej 150 zł.
2023-11-06,Geo24,Darmowa dostawa w weekend przy zamówieniu powyżej 150 zł.
2022-01-31,Geo24,Darmowa dostawa w weekend przy zamówieniu powyżej 150 zł.
2023-07-31,Geo25,Darmowa dostawa w weekend przy zamówieniu powyżej 150 zł.
2023-02-20,Geo25,Darmowa dostawa w weekend przy zamówieniu powyżej 150 zł.
2023-12-18,Geo26,Darmowa dostawa w weekend przy zamówieniu powyżej 150 zł.
2023-08-07,Geo28,Darmowa dostawa w weekend przy zamówieniu powyżej 150 zł.
2022-06-20,Geo28,Darmowa dostawa w weekend przy zamówieniu powyżej 150 zł.
2022-11-14,Geo29,Darmowa dostawa w weekend przy zamówieniu powyżej 150 zł.
2021-08-16,Geo29,Darmowa dostawa w weekend przy zamówieniu powyżej 150 zł.
2022-07-11,Geo3,Darmowa dostawa w weekend przy zamówieniu powyżej 150 zł.
2023-11-27,Geo3,Darmowa dostawa w weekend przy zamówieniu powyżej 150 zł.
2022-11-07,Geo30,Darmowa dostawa w weekend przy zamówieniu powyżej 150 zł.
2022-02-14,Geo31,Darmowa dostawa w weekend przy zamówieniu powyżej 150 zł.
2022-11-21,Geo32,Darmowa dostawa w weekend przy zamówieniu powyżej 150 zł.
2022-03-28,Geo33,Darmowa dostawa w weekend przy zamówieniu powyżej 150 zł.
2022-09-12,Geo33,Darmowa dostawa w weekend przy zamówieniu powyżej 150 zł.
2023-11-27,Geo34,Darmowa dostawa w weekend przy zamówieniu powyżej 150 zł.
2021-03-01,Geo35,Darmowa dostawa w weekend przy zamówieniu powyżej 150 zł.
2021-03-01,Geo37,Darmowa dostawa w weekend przy zamówieniu powyżej 150 zł.
2021-03-01,Geo38,Darmowa dostawa w weekend przy zamówieniu powyżej 150 zł.
2023-10-30,Geo38,Darmowa dostawa w weekend przy zamówieniu powyżej 150 zł.
2023-02-27,Geo38,Darmowa dostawa w weekend przy zamówieniu powyżej 150 zł.
2022-10-17,Geo38,Darmowa dostawa w weekend przy zamówieniu powyżej 150 zł.
2023-02-06,Geo39,Darmowa dostawa w weekend przy zamówieniu powyżej 150 zł.
2023-12-18,Geo6,Darmowa dostawa w weekend przy zamówieniu powyżej 150 zł.
2021-09-20,Geo7,Darmowa dostawa w weekend przy zamówieniu powyżej 150 zł.
2022-12-05,Geo8,Darmowa dostawa w weekend przy zamówieniu powyżej 150 zł.
2021-05-31,Geo8,Darmowa dostawa w weekend przy zamówieniu powyżej 150 zł.
2021-12-06,Geo0,Darmowa próbka losowego produktu dołączana do zamówienia.
2022-09-26,Geo1,Darmowa próbka losowego produktu dołączana do zamówienia.
2021-04-19,Geo1,Darmowa próbka losowego produktu dołączana do zamówienia.
2022-10-17,Geo10,Darmowa próbka losowego produktu dołączana do zamówienia.
2021-11-29,Geo12,Darmowa próbka losowego produktu dołączana do zamówienia.
2022-05-02,Geo12,Darmowa próbka losowego produktu dołączana do zamówienia.
2022-04-11,Geo13,Darmowa próbka losowego produktu dołączana do zamówienia.
2023-02-20,Geo14,Darmowa próbka losowego produktu dołączana do zamówienia.
2022-12-19,Geo15,Darmowa próbka losowego produktu dołączana do zamówienia.
2024-01-01,Geo15,Darmowa próbka losowego produktu dołączana do zamówienia.
2021-09-27,Geo17,Darmowa próbka losowego produktu dołączana do zamówienia.
2021-12-20,Geo19,Darmowa próbka losowego produktu dołączana do zamówienia.
2023-09-25,Geo2,Darmowa próbka losowego produktu dołączana do zamówienia.
2023-04-17,Geo20,Darmowa próbka losowego produktu dołączana do zamówienia.
2023-06-05,Geo20,Darmowa próbka losowego produktu dołączana do zamówienia.
2022-07-18,Geo20,Darmowa próbka losowego produktu dołączana do zamówienia.
2023-07-17,Geo22,Darmowa próbka losowego produktu dołączana do zamówienia.
2021-05-10,Geo23,Darmowa próbka losowego produktu dołączana do zamówienia.
2023-01-23,Geo24,Darmowa próbka losowego produktu dołączana do zamówienia.
2021-11-29,Geo25,Darmowa próbka losowego produktu dołączana do zamówienia.
2023-01-23,Geo26,Darmowa próbka losowego produktu dołączana do zamówienia.
2021-05-17,Geo26,Darmowa próbka losowego produktu dołączana do zamówienia.
2023-02-20,Geo26,Darmowa próbka losowego produktu dołączana do zamówienia.
2021-10-04,Geo3,Darmowa próbka losowego produktu dołączana do zamówienia.
2021-09-20,Geo31,Darmowa próbka losowego produktu dołączana do zamówienia.
2022-07-18,Geo31,Darmowa próbka losowego produktu dołączana do zamówienia.
2023-01-23,Geo32,Darmowa próbka losowego produktu dołączana do zamówienia.
2023-04-03,Geo33,Darmowa próbka losowego produktu dołączana do zamówienia.
2021-03-22,Geo34,Darmowa próbka losowego produktu dołączana do zamówienia.
2021-12-06,Geo34,Darmowa próbka losowego produktu dołączana do zamówienia.
2022-08-08,Geo37,Darmowa próbka losowego produktu dołączana do zamówienia.
2023-12-18,Geo37,Darmowa próbka losowego produktu dołączana do zamówienia.
2022-12-05,Geo38,Darmowa próbka losowego produktu dołączana do zamówienia.
2022-02-07,Geo39,Darmowa próbka losowego produktu dołączana do zamówienia.
2022-05-23,Geo4,Darmowa próbka losowego produktu dołączana do zamówienia.
2021-03-22,Geo4,Darmowa próbka losowego produktu dołączana do zamówienia.
2022-05-23,Geo8,Darmowa próbka losowego produktu dołączana do zamówienia.
2021-11-29,Geo8,Darmowa próbka losowego produktu dołączana do zamówienia.
2023-03-20,Geo9,Darmowa próbka losowego produktu dołączana do zamówienia.
2023-12-11,Geo0,Darmowa wysyłka i zwrot na wszystkie zamówienia powyżej 200 zł.
2021-12-27,Geo10,Darmowa wysyłka i zwrot na wszystkie zamówienia powyżej 200 zł.
2023-04-03,Geo10,Darmowa wysyłka i zwrot na wszystkie zamówienia powyżej 200 zł.
2022-04-11,Geo17,Darmowa wysyłka i zwrot na wszystkie zamówienia powyżej 200 zł.
2023-02-13,Geo18,Darmowa wysyłka i zwrot na wszystkie zamówienia powyżej 200 zł.
2021-08-30,Geo18,Darmowa wysyłka i zwrot na wszystkie zamówienia powyżej 200 zł.
2022-08-22,Geo19,Darmowa wysyłka i zwrot na wszystkie zamówienia powyżej 200 zł.
2023-11-13,Geo19,Darmowa wysyłka i zwrot na wszystkie zamówienia powyżej 200 zł.
2022-01-03,Geo2,Darmowa wysyłka i zwrot na wszystkie zamówienia powyżej 200 zł.
2021-08-23,Geo2,Darmowa wysyłka i zwrot na wszystkie zamówienia powyżej 200 zł.
2021-04-05,Geo2,Darmowa wysyłka i zwrot na wszystkie zamówienia powyżej 200 zł.
2023-07-10,Geo20,Darmowa wysyłka i zwrot na wszystkie zamówienia powyżej 200 zł.
2023-01-02,Geo22,Darmowa wysyłka i zwrot na wszystkie zamówienia powyżej 200 zł.
2022-05-02,Geo22,Darmowa wysyłka i zwrot na wszystkie zamówienia powyżej 200 zł.
2021-06-14,Geo23,Darmowa wysyłka i zwrot na wszystkie zamówienia powyżej 200 zł.
2024-01-01,Geo23,Darmowa wysyłka i zwrot na wszystkie zamówienia powyżej 200 zł.
2021-12-06,Geo24,Darmowa wysyłka i zwrot na wszystkie zamówienia powyżej 200 zł.
2023-06-05,Geo24,Darmowa wysyłka i zwrot na wszystkie zamówienia powyżej 200 zł.
2021-04-05,Geo28,Darmowa wysyłka i zwrot na wszystkie zamówienia powyżej 200 zł.
2022-12-05,Geo33,Darmowa wysyłka i zwrot na wszystkie zamówienia powyżej 200 zł.
2023-12-25,Geo33,Darmowa wysyłka i zwrot na wszystkie zamówienia powyżej 200 zł.
2021-08-09,Geo33,Darmowa wysyłka i zwrot na wszystkie zamówienia powyżej 200 zł.
2023-07-31,Geo33,Darmowa wysyłka i zwrot na wszystkie zamówienia powyżej 200 zł.
2022-06-20,Geo33,Darmowa wysyłka i zwrot na wszystkie zamówienia powyżej 200 zł.
2023-06-19,Geo35,Darmowa wysyłka i zwrot na wszystkie zamówienia powyżej 200 zł.
2022-04-04,Geo37,Darmowa wysyłka i zwrot na wszystkie zamówienia powyżej 200 zł.
2022-10-17,Geo37,Darmowa wysyłka i zwrot na wszystkie zamówienia powyżej 200 zł.
2022-03-07,Geo38,Darmowa wysyłka i zwrot na wszystkie zamówienia powyżej 200 zł.
2022-04-18,Geo38,Darmowa wysyłka i zwrot na wszystkie zamówienia powyżej 200 zł.
2022-01-03,Geo4,Darmowa wysyłka i zwrot na wszystkie zamówienia powyżej 200 zł.
2022-10-24,Geo5,Darmowa wysyłka i zwrot na wszystkie zamówienia powyżej 200 zł.
2021-05-03,Geo6,Darmowa wysyłka i zwrot na wszystkie zamówienia powyżej 200 zł.
2023-01-23,Geo6,Darmowa wysyłka i zwrot na wszystkie zamówienia powyżej 200 zł.
2022-08-08,Geo6,Darmowa wysyłka i zwrot na wszystkie zamówienia powyżej 200 zł.
2023-12-25,Geo7,Darmowa wysyłka i zwrot na wszystkie zamówienia powyżej 200 zł.
2021-06-07,Geo9,Darmowa wysyłka i zwrot na wszystkie zamówienia powyżej 200 zł.
2022-08-01,Geo9,Darmowa wysyłka i zwrot na wszystkie zamówienia powyżej 200 zł.
2021-07-19,Geo0,Darmowy notes firmowy do zamówień powyżej 100 zł.
2021-02-22,Geo0,Darmowy notes firmowy do zamówień powyżej 100 zł.
2023-07-24,Geo0,Darmowy notes firmowy do zamówień powyżej 100 zł.
2021-08-16,Geo1,Darmowy notes firmowy do zamówień powyżej 100 zł.
2023-07-10,Geo12,Darmowy notes firmowy do zamówień powyżej 100 zł.
2021-05-31,Geo13,Darmowy notes firmowy do zamówień powyżej 100 zł.
2023-10-09,Geo13,Darmowy notes firmowy do zamówień powyżej 100 zł.
2021-05-17,Geo14,Darmowy notes firmowy do zamówień powyżej 100 zł.
2022-02-28,Geo14,Darmowy notes firmowy do zamówień powyżej 100 zł.
2023-03-13,Geo17,Darmowy notes firmowy do zamówień powyżej 100 zł.
2022-07-11,Geo17,Darmowy notes firmowy do zamówień powyżej 100 zł.
2021-06-28,Geo19,Darmowy notes firmowy do zamówień powyżej 100 zł.
2022-03-28,Geo20,Darmowy notes firmowy do zamówień powyżej 100 zł.
2021-03-29,Geo20,Darmowy notes firmowy do zamówień powyżej 100 zł.
2022-05-23,Geo21,Darmowy notes firmowy do zamówień powyżej 100 zł.
2021-03-01,Geo22,Darmowy notes firmowy do zamówień powyżej 100 zł.
2022-06-27,Geo22,Darmowy notes firmowy do zamówień powyżej 100 zł.
2021-05-10,Geo25,Darmowy notes firmowy do zamówień powyżej 100 zł.
2023-01-16,Geo25,Darmowy notes firmowy do zamówień powyżej 100 zł.
2022-05-23,Geo26,Darmowy notes firmowy do zamówień powyżej 100 zł.
2023-04-24,Geo29,Darmowy notes firmowy do zamówień powyżej 100 zł.
2022-02-07,Geo29,Darmowy notes firmowy do zamówień powyżej 100 zł.
2022-09-05,Geo29,Darmowy notes firmowy do zamówień powyżej 100 zł.
2022-03-21,Geo3,Darmowy notes firmowy do zamówień powyżej 100 zł.
2022-04-11,Geo30,Darmowy notes firmowy do zamówień powyżej 100 zł.
2023-11-27,Geo32,Darmowy notes firmowy do zamówień powyżej 100 zł.
2022-07-04,Geo35,Darmowy notes firmowy do zamówień powyżej 100 zł.
2023-03-27,Geo36,Darmowy notes firmowy do zamówień powyżej 100 zł.
2021-12-06,Geo36,Darmowy notes firmowy do zamówień powyżej 100 zł.
2023-02-06,Geo36,Darmowy notes firmowy do zamówień powyżej 100 zł.
2022-05-02,Geo36,Darmowy notes firmowy do zamówień powyżej 100 zł.
2021-04-12,Geo37,Darmowy notes firmowy do zamówień powyżej 100 zł.
2022-04-18,Geo37,Darmowy notes firmowy do zamówień powyżej 100 zł.
2022-08-01,Geo38,Darmowy notes firmowy do zamówień powyżej 100 zł.
2023-03-13,Geo39,Darmowy notes firmowy do zamówień powyżej 100 zł.
2021-08-09,Geo7,Darmowy notes firmowy do zamówień powyżej 100 zł.
2023-03-20,Geo7,Darmowy notes firmowy do zamówień powyżej 100 zł.
2023-02-13,Geo0,Darmowy produkt o wartości 20 zł przy zamówieniu powyżej 250 zł.
2023-11-13,Geo0,Darmowy produkt o wartości 20 zł przy zamówieniu powyżej 250 zł.
2021-10-11,Geo10,Darmowy produkt o wartości 20 zł przy zamówieniu powyżej 250 zł.
2022-10-31,Geo10,Darmowy produkt o wartości 20 zł przy zamówieniu powyżej 250 zł.
2023-09-04,Geo11,Darmowy produkt o wartości 20 zł przy zamówieniu powyżej 250 zł.
2022-10-31,Geo17,Darmowy produkt o wartości 20 zł przy zamówieniu powyżej 250 zł.
2023-11-27,Geo19,Darmowy produkt o wartości 20 zł przy zamówieniu powyżej 250 zł.
2022-02-14,Geo2,Darmowy produkt o wartości 20 zł przy zamówieniu powyżej 250 zł.
2022-12-19,Geo20,Darmowy produkt o wartości 20 zł przy zamówieniu powyżej 250 zł.
2021-12-20,Geo22,Darmowy produkt o wartości 20 zł przy zamówieniu powyżej 250 zł.
2022-07-25,Geo23,Darmowy produkt o wartości 20 zł przy zamówieniu powyżej 250 zł.
2021-03-01,Geo23,Darmowy produkt o wartości 20 zł przy zamówieniu powyżej 250 zł.
2024-01-01,Geo28,Darmowy produkt o wartości 20 zł przy zamówieniu powyżej 250 zł.
2022-10-31,Geo28,Darmowy produkt o wartości 20 zł przy zamówieniu powyżej 250 zł.
2021-09-20,Geo30,Darmowy produkt o wartości 20 zł przy zamówieniu powyżej 250 zł.
2023-09-25,Geo30,Darmowy produkt o wartości 20 zł przy zamówieniu powyżej 250 zł.
2022-07-18,Geo30,Darmowy produkt o wartości 20 zł przy zamówieniu powyżej 250 zł.
2023-07-24,Geo32,Darmowy produkt o wartości 20 zł przy zamówieniu powyżej 250 zł.
2023-01-23,Geo33,Darmowy produkt o wartości 20 zł przy zamówieniu powyżej 250 zł.
2022-06-06,Geo36,Darmowy produkt o wartości 20 zł przy zamówieniu powyżej 250 zł.
2021-03-01,Geo36,Darmowy produkt o wartości 20 zł przy zamówieniu powyżej 250 zł.
2022-10-31,Geo38,Darmowy produkt o wartości 20 zł przy zamówieniu powyżej 250 zł.
2021-08-09,Geo6,Darmowy produkt o wartości 20 zł przy zamówieniu powyżej 250 zł.
2023-11-06,Geo6,Darmowy produkt o wartości 20 zł przy zamówieniu powyżej 250 zł.
2021-05-24,Geo8,Darmowy produkt o wartości 20 zł przy zamówieniu powyżej 250 zł.
2022-02-07,Geo9,Darmowy produkt o wartości 20 zł przy zamówieniu powyżej 250 zł.
2021-04-26,Geo0,Dodatkowe -10% na produkty z kategorii Wyprzedaż.
2022-10-31,Geo1,Dodatkowe -10% na produkty z kategorii Wyprzedaż.
2022-10-03,Geo10,Dodatkowe -10% na produkty z kategorii Wyprzedaż.
2023-01-30,Geo12,Dodatkowe -10% na produkty z kategorii Wyprzedaż.
2024-01-15,Geo13,Dodatkowe -10% na produkty z kategorii Wyprzedaż.
2023-07-03,Geo13,Dodatkowe -10% na produkty z kategorii Wyprzedaż.
2021-10-11,Geo15,Dodatkowe -10% na produkty z kategorii Wyprzedaż.
2023-02-06,Geo15,Dodatkowe -10% na produkty z kategorii Wyprzedaż.
2022-06-27,Geo15,Dodatkowe -10% na produkty z kategorii Wyprzedaż.
2023-05-01,Geo17,Dodatkowe -10% na produkty z kategorii Wyprzedaż.
2022-11-07,Geo17,Dodatkowe -10% na produkty z kategorii Wyprzedaż.
2022-08-22,Geo17,Dodatkowe -10% na produkty z kategorii Wyprzedaż.
2023-02-20,Geo17,Dodatkowe -10% na produkty z kategorii Wyprzedaż.
2024-01-01,Geo19,Dodatkowe -10% na produkty z kategorii Wyprzedaż.
2023-11-13,Geo2,Dodatkowe -10% na produkty z kategorii Wyprzedaż.
2022-08-08,Geo21,Dodatkowe -10% na produkty z kategorii Wyprzedaż.
2021-08-09,Geo21,Dodatkowe -10% na produkty z kategorii Wyprzedaż.
2024-01-15,Geo23,Dodatkowe -10% na produkty z kategorii Wyprzedaż.
2023-06-12,Geo23,Dodatkowe -10% na produkty z kategorii Wyprzedaż.
2023-07-03,Geo23,Dodatkowe -10% na produkty z kategorii Wyprzedaż.
2023-01-02,Geo24,Dodatkowe -10% na produkty z kategorii Wyprzedaż.
2022-01-03,Geo25,Dodatkowe -10% na produkty z kategorii Wyprzedaż.
2022-09-19,Geo26,Dodatkowe -10% na produkty z kategorii Wyprzedaż.
2023-01-30,Geo27,Dodatkowe -10% na produkty z kategorii Wyprzedaż.
2021-12-20,Geo29,Dodatkowe -10% na produkty z kategorii Wyprzedaż.
2021-10-11,Geo3,Dodatkowe -10% na produkty z kategorii Wyprzedaż.
2023-11-20,Geo30,Dodatkowe -10% na produkty z kategorii Wyprzedaż.
2022-03-28,Geo34,Dodatkowe -10% na produkty z kategorii Wyprzedaż.
2022-11-21,Geo36,Dodatkowe -10% na produkty z kategorii Wyprzedaż.
2021-01-25,Geo37,Dodatkowe -10% na produkty z kategorii Wyprzedaż.
2021-12-20,Geo39,Dodatkowe -10% na produkty z kategorii Wyprzedaż.
2022-06-27,Geo4,Dodatkowe -10% na produkty z kategorii Wyprzedaż.
2023-02-27,Geo6,Dodatkowe -10% na produkty z kategorii Wyprzedaż.
2022-07-11,Geo7,Dodatkowe -10% na produkty z kategorii Wyprzedaż.
2023-05-29,Geo1,Dodatkowe 100 punktów w programie lojalnościowym za zakupy.
2023-12-18,Geo10,Dodatkowe 100 punktów w programie lojalnościowym za zakupy.
2021-01-25,Geo11,Dodatkowe 100 punktów w programie lojalnościowym za zakupy.
2024-01-08,Geo11,Dodatkowe 100 punktów w programie lojalnościowym za zakupy.
2022-06-13,Geo12,Dodatkowe 100 punktów w programie lojalnościowym za zakupy.
2023-08-28,Geo12,Dodatkowe 100 punktów w programie lojalnościowym za zakupy.
2022-05-30,Geo13,Dodatkowe 100 punktów w programie lojalnościowym za zakupy.
2023-12-04,Geo13,Dodatkowe 100 punktów w programie lojalnościowym za zakupy.
2022-05-16,Geo14,Dodatkowe 100 punktów w programie lojalnościowym za zakupy.
2022-09-19,Geo15,Dodatkowe 100 punktów w programie lojalnościowym za zakupy.
2021-03-22,Geo16,Dodatkowe 100 punktów w programie lojalnościowym za zakupy.
2022-08-29,Geo18,Dodatkowe 100 punktów w programie lojalnościowym za zakupy.
2021-02-01,Geo2,Dodatkowe 100 punktów w programie lojalnościowym za zakupy.
2021-11-08,Geo2,Dodatkowe 100 punktów w programie lojalnościowym za zakupy.
2021-05-10,Geo20,Dodatkowe 100 punktów w programie lojalnościowym za zakupy.
2022-12-12,Geo20,Dodatkowe 100 punktów w programie lojalnościowym za zakupy.
2021-08-16,Geo20,Dodatkowe 100 punktów w programie lojalnościowym za zakupy.
2023-06-05,Geo21,Dodatkowe 100 punktów w programie lojalnościowym za zakupy.
2023-06-19,Geo22,Dodatkowe 100 punktów w programie lojalnościowym za zakupy.
2023-11-27,Geo23,Dodatkowe 100 punktów w programie lojalnościowym za zakupy.
2022-05-23,Geo24,Dodatkowe 100 punktów w programie lojalnościowym za zakupy.
2021-09-06,Geo24,Dodatkowe 100 punktów w programie lojalnościowym za zakupy.
2021-02-08,Geo24,Dodatkowe 100 punktów w programie lojalnościowym za zakupy.
2021-04-05,Geo25,Dodatkowe 100 punktów w programie lojalnościowym za zakupy.
2021-02-22,Geo28,Dodatkowe 100 punktów w programie lojalnościowym za zakupy.
2021-06-28,Geo28,Dodatkowe 100 punktów w programie lojalnościowym za zakupy.
2022-12-05,Geo29,Dodatkowe 100 punktów w programie lojalnościowym za zakupy.
2023-05-22,Geo29,Dodatkowe 100 punktów w programie lojalnościowym za zakupy.
2023-07-24,Geo3,Dodatkowe 100 punktów w programie lojalnościowym za zakupy.
2023-05-08,Geo34,Dodatkowe 100 punktów w programie lojalnościowym za zakupy.
2021-09-06,Geo35,Dodatkowe 100 punktów w programie lojalnościowym za zakupy.
2021-08-23,Geo35,Dodatkowe 100 punktów w programie lojalnościowym za zakupy.
2021-06-28,Geo36,Dodatkowe 100 punktów w programie lojalnościowym za zakupy.
2021-12-06,Geo38,Dodatkowe 100 punktów w programie lojalnościowym za zakupy.
2022-12-12,Geo5,Dodatkowe 100 punktów w programie lojalnościowym za zakupy.
2022-10-17,Geo8,Dodatkowe 100 punktów w programie lojalnościowym za zakupy.
2023-01-16,Geo9,Dodatkowe 100 punktów w programie lojalnościowym za zakupy.
2022-03-28,Geo0,Dodatkowy rabat -20% na całą kategorię Outlet.
2021-11-22,Geo0,Dodatkowy rabat -20% na całą kategorię Outlet.
2022-01-10,Geo11,Dodatkowy rabat -20% na całą kategorię Outlet.
2021-03-22,Geo13,Dodatkowy rabat -20% na całą kategorię Outlet.
2021-09-20,Geo15,Dodatkowy rabat -20% na całą kategorię Outlet.
2022-11-21,Geo20,Dodatkowy rabat -20% na całą kategorię Outlet.
2021-12-20,Geo20,Dodatkowy rabat -20% na całą kategorię Outlet.
2022-07-11,Geo21,Dodatkowy rabat -20% na całą kategorię Outlet.
2024-01-01,Geo25,Dodatkowy rabat -20% na całą kategorię Outlet.
2022-03-14,Geo27,Dodatkowy rabat -20% na całą kategorię Outlet.
2021-07-05,Geo28,Dodatkowy rabat -20% na całą kategorię Outlet.
2024-01-15,Geo3,Dodatkowy rabat -20% na całą kategorię Outlet.
2022-11-21,Geo3,Dodatkowy rabat -20% na całą kategorię Outlet.
2023-05-15,Geo31,Dodatkowy rabat -20% na całą kategorię Outlet.
2021-12-27,Geo35,Dodatkowy rabat -20% na całą kategorię Outlet.
2022-10-31,Geo35,Dodatkowy rabat -20% na całą kategorię Outlet.
2022-02-07,Geo35,Dodatkowy rabat -20% na całą kategorię Outlet.
2023-01-16,Geo37,Dodatkowy rabat -20% na całą kategorię Outlet.
2021-12-20,Geo38,Dodatkowy rabat -20% na całą kategorię Outlet.
2022-01-10,Geo39,Dodatkowy rabat -20% na całą kategorię Outlet.
2023-12-04,Geo4,Dodatkowy rabat -20% na całą kategorię Outlet.
2021-06-21,Geo9,Dodatkowy rabat -20% na całą kategorię Outlet.
2021-12-27,Geo0,Dodatkowy rabat -25% na całą kategorię Outlet.
2021-06-28,Geo11,Dodatkowy rabat -25% na całą kategorię Outlet.
2022-09-12,Geo12,Dodatkowy rabat -25% na całą kategorię Outlet.
2022-08-29,Geo13,Dodatkowy rabat -25% na całą kategorię Outlet.
2023-06-05,Geo14,Dodatkowy rabat -25% na całą kategorię Outlet.
2022-06-06,Geo14,Dodatkowy rabat -25% na całą kategorię Outlet.
2021-11-08,Geo15,Dodatkowy rabat -25% na całą kategorię Outlet.
2023-04-10,Geo15,Dodatkowy rabat -25% na całą kategorię Outlet.
2022-02-07,Geo16,Dodatkowy rabat -25% na całą kategorię Outlet.
2023-12-11,Geo16,Dodatkowy rabat -25% na całą kategorię Outlet.
2023-11-27,Geo18,Dodatkowy rabat -25% na całą kategorię Outlet.
2023-01-09,Geo2,Dodatkowy rabat -25% na całą kategorię Outlet.
2023-08-14,Geo21,Dodatkowy rabat -25% na całą kategorię Outlet.
2023-11-20,Geo22,Dodatkowy rabat -25% na całą kategorię Outlet.
2021-12-27,Geo22,Dodatkowy rabat -25% na całą kategorię Outlet.
2022-06-27,Geo25,Dodatkowy rabat -25% na całą kategorię Outlet.
2023-06-26,Geo26,Dodatkowy rabat -25% na całą kategorię Outlet.
2022-09-26,Geo3,Dodatkowy rabat -25% na całą kategorię Outlet.
2021-03-01,Geo34,Dodatkowy rabat -25% na całą kategorię Outlet.
2021-05-17,Geo35,Dodatkowy rabat -25% na całą kategorię Outlet.
2021-12-13,Geo6,Dodatkowy rabat -25% na całą kategorię Outlet.
2023-07-10,Geo6,Dodatkowy rabat -25% na całą kategorię Outlet.
2021-11-22,Geo7,Dodatkowy rabat -25% na całą kategorię Outlet.
2023-12-11,Geo8,Dodatkowy rabat -25% na całą kategorię Outlet.
2022-10-17,Geo13,Dodatkowy rabat -30% na całą kategorię Outlet.
2022-06-13,Geo17,Dodatkowy rabat -30% na całą kategorię Outlet.
2021-12-27,Geo20,Dodatkowy rabat -30% na całą kategorię Outlet.
2023-05-22,Geo20,Dodatkowy rabat -30% na całą kategorię Outlet.
2021-12-13,Geo22,Dodatkowy rabat -30% na całą kategorię Outlet.
2023-02-06,Geo23,Dodatkowy rabat -30% na całą kategorię Outlet.
2023-08-28,Geo39,Dodatkowy rabat -30% na całą kategorię Outlet.
2022-03-28,Geo19,Druga dowolna sztuka w koszyku za 1 zł.
2022-06-13,Geo11,"Druga dowolna, tańsza sztuka z rabatem -50%."
2022-09-12,Geo2,"Druga dowolna, tańsza sztuka z rabatem -50%."
2023-07-24,Geo29,"Druga dowolna, tańsza sztuka z rabatem -50%."
2021-12-06,Geo29,"Druga dowolna, tańsza sztuka z rabatem -50%."
2021-08-30,Geo30,"Druga dowolna, tańsza sztuka z rabatem -50%."
2022-06-20,Geo30,"Druga dowolna, tańsza sztuka z rabatem -50%."
2023-09-11,Geo30,"Druga dowolna, tańsza sztuka z rabatem -50%."
2022-09-26,Geo36,"Druga dowolna, tańsza sztuka z rabatem -50%."
2021-06-21,Geo37,"Druga dowolna, tańsza sztuka z rabatem -50%."
2021-02-22,Geo38,"Druga dowolna, tańsza sztuka z rabatem -50%."
2023-11-27,Geo4,"Druga dowolna, tańsza sztuka z rabatem -50%."
2023-08-14,Geo5,"Druga dowolna, tańsza sztuka z rabatem -50%."
2021-02-15,Geo0,Druga sztuka tego samego produktu -40%.
2023-04-03,Geo13,Druga sztuka tego samego produktu -40%.
2021-06-28,Geo18,Druga sztuka tego samego produktu -40%.
2023-08-28,Geo19,Druga sztuka tego samego produktu -40%.
2021-03-22,Geo25,Druga sztuka tego samego produktu -40%.
2023-06-19,Geo25,Druga sztuka tego samego produktu -40%.
2021-05-10,Geo28,Druga sztuka tego samego produktu -40%.
2022-08-22,Geo29,Druga sztuka tego samego produktu -40%.
2021-05-31,Geo30,Druga sztuka tego samego produktu -40%.
2021-05-10,Geo32,Druga sztuka tego samego produktu -40%.
2023-12-25,Geo36,Druga sztuka tego samego produktu -40%.
2022-05-16,Geo37,Druga sztuka tego samego produktu -40%.
2023-01-02,Geo37,Druga sztuka tego samego produktu -40%.
2022-02-14,Geo39,Druga sztuka tego samego produktu -40%.
2021-06-28,Geo5,Druga sztuka tego samego produktu -40%.
2023-10-23,Geo8,Druga sztuka tego samego produktu -40%.
2021-08-02,Geo0,Druga sztuka tego samego produktu -50%.
2023-08-07,Geo1,Druga sztuka tego samego produktu -50%.
2021-11-08,Geo11,Druga sztuka tego samego produktu -50%.
2021-04-05,Geo13,Druga sztuka tego samego produktu -50%.
2021-09-20,Geo18,Druga sztuka tego samego produktu -50%.
2021-11-15,Geo20,Druga sztuka tego samego produktu -50%.
2023-05-22,Geo21,Druga sztuka tego samego produktu -50%.
2024-01-08,Geo22,Druga sztuka tego samego produktu -50%.
2023-05-29,Geo25,Druga sztuka tego samego produktu -50%.
2021-07-26,Geo28,Druga sztuka tego samego produktu -50%.
2021-03-29,Geo3,Druga sztuka tego samego produktu -50%.
2021-10-11,Geo30,Druga sztuka tego samego produktu -50%.
2022-10-24,Geo31,Druga sztuka tego samego produktu -50%.
2021-08-30,Geo33,Druga sztuka tego samego produktu -50%.
2023-01-02,Geo36,Druga sztuka tego samego produktu -50%.
2022-06-13,Geo36,Druga sztuka tego samego produktu -50%.
2023-11-27,Geo37,Druga sztuka tego samego produktu -50%.
2023-08-07,Geo6,Druga sztuka tego samego produktu -50%.
2022-06-13,Geo6,Druga sztuka tego samego produktu -50%.
2021-12-27,Geo8,Druga sztuka tego samego produktu -50%.
2023-04-10,Geo9,Druga sztuka tego samego produktu -50%.
2021-03-22,Geo12,Druga sztuka tego samego produktu -60%.
2022-08-29,Geo17,Druga sztuka tego samego produktu -60%.
2023-04-10,Geo2,Druga sztuka tego samego produktu -60%.
2023-05-22,Geo23,Druga sztuka tego samego produktu -60%.
2023-08-14,Geo35,Druga sztuka tego samego produktu -60%.
2021-12-27,Geo5,Druga sztuka tego samego produktu -60%.
2021-05-10,Geo7,Druga sztuka tego samego produktu -60%.
2023-06-05,Geo9,Druga sztuka tego samego produktu -60%.
2021-11-15,Geo26,Druga sztuka tego samego produktu za 1 zł.
2022-08-08,Geo31,Druga sztuka tego samego produktu za 1 zł.
2023-04-03,Geo11,"Druga, tańsza sztuka -30%."
2021-03-01,Geo13,"Druga, tańsza sztuka -30%."
2023-09-04,Geo13,"Druga, tańsza sztuka -30%."
2023-02-20,Geo16,"Druga, tańsza sztuka -30%."
2022-12-26,Geo17,"Druga, tańsza sztuka -30%."
2023-04-17,Geo18,"Druga, tańsza sztuka -30%."
2023-10-09,Geo18,"Druga, tańsza sztuka -30%."
2021-08-09,Geo19,"Druga, tańsza sztuka -30%."
2022-01-03,Geo22,"Druga, tańsza sztuka -30%."
2023-08-28,Geo23,"Druga, tańsza sztuka -30%."
2022-05-23,Geo25,"Druga, tańsza sztuka -30%."
2022-04-11,Geo25,"Druga, tańsza sztuka -30%."
2024-01-15,Geo25,"Druga, tańsza sztuka -30%."
2021-11-22,Geo25,"Druga, tańsza sztuka -30%."
2023-08-07,Geo26,"Druga, tańsza sztuka -30%."
2023-11-06,Geo27,"Druga, tańsza sztuka -30%."
2023-10-23,Geo28,"Druga, tańsza sztuka -30%."
2021-08-16,Geo28,"Druga, tańsza sztuka -30%."
2022-09-26,Geo28,"Druga, tańsza sztuka -30%."
2022-01-03,Geo29,"Druga, tańsza sztuka -30%."
2021-02-15,Geo30,"Druga, tańsza sztuka -30%."
2022-09-05,Geo30,"Druga, tańsza sztuka -30%."
2023-02-13,Geo38,"Druga, tańsza sztuka -30%."
2023-01-02,Geo4,"Druga, tańsza sztuka -30%."
2021-08-09,Geo5,"Druga, tańsza sztuka -30%."
2023-02-13,Geo5,"Druga, tańsza sztuka -30%."
2021-08-30,Geo8,"Druga, tańsza sztuka -30%."
2023-05-22,Geo9,"Druga, tańsza sztuka -30%."
2023-10-23,Geo0,"Druga, tańsza sztuka -40%."
2022-10-17,Geo1,"Druga, tańsza sztuka -40%."
2022-10-17,Geo12,"Druga, tańsza sztuka -40%."
2022-12-12,Geo15,"Druga, tańsza sztuka -40%."
2021-05-03,Geo18,"Druga, tańsza sztuka -40%."
2021-06-14,Geo2,"Druga, tańsza sztuka -40%."
2021-02-22,Geo27,"Druga, tańsza sztuka -40%."
2023-11-20,Geo29,"Druga, tańsza sztuka -40%."
2023-06-26,Geo31,"Druga, tańsza sztuka -40%."
2023-12-04,Geo35,"Druga, tańsza sztuka -40%."
2022-01-24,Geo36,"Druga, tańsza sztuka -40%."
2021-05-10,Geo37,"Druga, tańsza sztuka -40%."
2022-07-04,Geo4,"Druga, tańsza sztuka -40%."
2022-08-15,Geo7,"Druga, tańsza sztuka -40%."
2023-06-26,Geo11,"Druga, tańsza sztuka -60%."
2021-11-22,Geo11,"Druga, tańsza sztuka -60%."
2021-12-27,Geo13,"Druga, tańsza sztuka -60%."
2023-10-09,Geo22,"Druga, tańsza sztuka -60%."
2022-02-07,Geo23,"Druga, tańsza sztuka -60%."
2023-11-06,Geo29,"Druga, tańsza sztuka -60%."
2023-11-06,Geo37,"Druga, tańsza sztuka -60%."
2022-05-30,Geo0,"Druga, tańsza sztuka z rabatem -15%."
2023-09-11,Geo0,"Druga, tańsza sztuka z rabatem -15%."
2023-09-04,Geo1,"Druga, tańsza sztuka z rabatem -15%."
2023-11-06,Geo10,"Druga, tańsza sztuka z rabatem -15%."
2022-09-12,Geo10,"Druga, tańsza sztuka z rabatem -15%."
2022-09-12,Geo11,"Druga, tańsza sztuka z rabatem -15%."
2022-09-05,Geo14,"Druga, tańsza sztuka z rabatem -15%."
2022-10-10,Geo14,"Druga, tańsza sztuka z rabatem -15%."
2021-04-05,Geo15,"Druga, tańsza sztuka z rabatem -15%."
2022-07-25,Geo16,"Druga, tańsza sztuka z rabatem -15%."
2023-06-12,Geo17,"Druga, tańsza sztuka z rabatem -15%."
2021-11-08,Geo18,"Druga, tańsza sztuka z rabatem -15%."
2023-12-18,Geo2,"Druga, tańsza sztuka z rabatem -15%."
2021-12-06,Geo20,"Druga, tańsza sztuka z rabatem -15%."
2021-08-30,Geo20,"Druga, tańsza sztuka z rabatem -15%."
2021-08-09,Geo22,"Druga, tańsza sztuka z rabatem -15%."
2023-07-10,Geo24,"Druga, tańsza sztuka z rabatem -15%."
2022-09-26,Geo24,"Druga, tańsza sztuka z rabatem -15%."
2023-10-09,Geo24,"Druga, tańsza sztuka z rabatem -15%."
2022-12-05,Geo25,"Druga, tańsza sztuka z rabatem -15%."
2022-02-14,Geo25,"Druga, tańsza sztuka z rabatem -15%."
2023-11-27,Geo25,"Druga, tańsza sztuka z rabatem -15%."
2023-06-26,Geo25,"Druga, tańsza sztuka z rabatem -15%."
2021-05-17,Geo28,"Druga, tańsza sztuka z rabatem -15%."
2022-11-07,Geo3,"Druga, tańsza sztuka z rabatem -15%."
2021-12-20,Geo30,"Druga, tańsza sztuka z rabatem -15%."
2023-01-09,Geo32,"Druga, tańsza sztuka z rabatem -15%."
2021-03-29,Geo34,"Druga, tańsza sztuka z rabatem -15%."
2022-07-18,Geo35,"Druga, tańsza sztuka z rabatem -15%."
2022-11-14,Geo37,"Druga, tańsza sztuka z rabatem -15%."
2022-08-15,Geo6,"Druga, tańsza sztuka z rabatem -15%."
2023-10-16,Geo6,"Druga, tańsza sztuka z rabatem -15%."
2023-11-13,Geo6,"Druga, tańsza sztuka z rabatem -15%."
2021-10-11,Geo9,"Druga, tańsza sztuka z rabatem -15%."
2021-10-11,Geo0,"Druga, tańsza sztuka z rabatem -20%."
2022-02-21,Geo1,"Druga, tańsza sztuka z rabatem -20%."
2021-02-22,Geo11,"Druga, tańsza sztuka z rabatem -20%."
2023-09-18,Geo12,"Druga, tańsza sztuka z rabatem -20%."
2023-05-01,Geo16,"Druga, tańsza sztuka z rabatem -20%."
2021-08-09,Geo16,"Druga, tańsza sztuka z rabatem -20%."
2023-08-28,Geo16,"Druga, tańsza sztuka z rabatem -20%."
2021-03-29,Geo17,"Druga, tańsza sztuka z rabatem -20%."
2022-06-27,Geo18,"Druga, tańsza sztuka z rabatem -20%."
2022-12-19,Geo18,"Druga, tańsza sztuka z rabatem -20%."
2021-11-22,Geo19,"Druga, tańsza sztuka z rabatem -20%."
2021-05-03,Geo2,"Druga, tańsza sztuka z rabatem -20%."
2023-03-06,Geo20,"Druga, tańsza sztuka z rabatem -20%."
2023-01-02,Geo20,"Druga, tańsza sztuka z rabatem -20%."
2021-10-11,Geo21,"Druga, tańsza sztuka z rabatem -20%."
2021-10-18,Geo23,"Druga, tańsza sztuka z rabatem -20%."
2023-05-22,Geo24,"Druga, tańsza sztuka z rabatem -20%."
2023-08-28,Geo28,"Druga, tańsza sztuka z rabatem -20%."
2022-07-18,Geo29,"Druga, tańsza sztuka z rabatem -20%."
2022-01-17,Geo30,"Druga, tańsza sztuka z rabatem -20%."
2022-12-26,Geo31,"Druga, tańsza sztuka z rabatem -20%."
2022-09-26,Geo32,"Druga, tańsza sztuka z rabatem -20%."
2023-01-23,Geo34,"Druga, tańsza sztuka z rabatem -20%."
2023-06-26,Geo35,"Druga, tańsza sztuka z rabatem -20%."
2021-02-01,Geo37,"Druga, tańsza sztuka z rabatem -20%."
2023-07-10,Geo37,"Druga, tańsza sztuka z rabatem -20%."
2022-05-02,Geo39,"Druga, tańsza sztuka z rabatem -20%."
2022-11-21,Geo39,"Druga, tańsza sztuka z rabatem -20%."
2021-05-31,Geo4,"Druga, tańsza sztuka z rabatem -20%."
2021-12-27,Geo1,Final Sale: -50% na kolekcje z poprzedniego sezonu.
2021-05-03,Geo10,Gratis o wartości 10 zł przy zakupach za min. 150 zł.
2022-12-12,Geo10,Gratis o wartości 10 zł przy zakupach za min. 150 zł.
2023-12-18,Geo11,Gratis o wartości 10 zł przy zakupach za min. 150 zł.
2021-10-11,Geo11,Gratis o wartości 10 zł przy zakupach za min. 150 zł.
2021-06-21,Geo12,Gratis o wartości 10 zł przy zakupach za min. 150 zł.
2021-06-07,Geo12,Gratis o wartości 10 zł przy zakupach za min. 150 zł.
2022-09-26,Geo12,Gratis o wartości 10 zł przy zakupach za min. 150 zł.
2023-06-05,Geo13,Gratis o wartości 10 zł przy zakupach za min. 150 zł.
2023-11-06,Geo14,Gratis o wartości 10 zł przy zakupach za min. 150 zł.
2022-11-21,Geo14,Gratis o wartości 10 zł przy zakupach za min. 150 zł.
2023-12-18,Geo16,Gratis o wartości 10 zł przy zakupach za min. 150 zł.
2023-10-09,Geo16,Gratis o wartości 10 zł przy zakupach za min. 150 zł.
2023-03-06,Geo17,Gratis o wartości 10 zł przy zakupach za min. 150 zł.
2022-04-11,Geo18,Gratis o wartości 10 zł przy zakupach za min. 150 zł.
2023-10-16,Geo19,Gratis o wartości 10 zł przy zakupach za min. 150 zł.
2022-05-16,Geo20,Gratis o wartości 10 zł przy zakupach za min. 150 zł.
2021-03-22,Geo20,Gratis o wartości 10 zł przy zakupach za min. 150 zł.
2021-03-29,Geo21,Gratis o wartości 10 zł przy zakupach za min. 150 zł.
2021-01-25,Geo21,Gratis o wartości 10 zł przy zakupach za min. 150 zł.
2021-12-20,Geo21,Gratis o wartości 10 zł przy zakupach za min. 150 zł.
2021-02-22,Geo22,Gratis o wartości 10 zł przy zakupach za min. 150 zł.
2023-10-16,Geo23,Gratis o wartości 10 zł przy zakupach za min. 150 zł.
2021-08-09,Geo25,Gratis o wartości 10 zł przy zakupach za min. 150 zł.
2022-06-06,Geo25,Gratis o wartości 10 zł przy zakupach za min. 150 zł.
2021-02-01,Geo26,Gratis o wartości 10 zł przy zakupach za min. 150 zł.
2024-01-08,Geo26,Gratis o wartości 10 zł przy zakupach za min. 150 zł.
2023-10-23,Geo27,Gratis o wartości 10 zł przy zakupach za min. 150 zł.
2021-08-09,Geo27,Gratis o wartości 10 zł przy zakupach za min. 150 zł.
2022-10-03,Geo29,Gratis o wartości 10 zł przy zakupach za min. 150 zł.
2023-08-28,Geo3,Gratis o wartości 10 zł przy zakupach za min. 150 zł.
2022-08-08,Geo3,Gratis o wartości 10 zł przy zakupach za min. 150 zł.
2023-08-21,Geo30,Gratis o wartości 10 zł przy zakupach za min. 150 zł.
2024-01-01,Geo30,Gratis o wartości 10 zł przy zakupach za min. 150 zł.
2021-09-06,Geo31,Gratis o wartości 10 zł przy zakupach za min. 150 zł.
2022-01-10,Geo32,Gratis o wartości 10 zł przy zakupach za min. 150 zł.
2023-10-30,Geo35,Gratis o wartości 10 zł przy zakupach za min. 150 zł.
2022-05-16,Geo35,Gratis o wartości 10 zł przy zakupach za min. 150 zł.
2022-08-22,Geo37,Gratis o wartości 10 zł przy zakupach za min. 150 zł.
2021-12-13,Geo38,Gratis o wartości 10 zł przy zakupach za min. 150 zł.
2022-11-14,Geo38,Gratis o wartości 10 zł przy zakupach za min. 150 zł.
2023-01-16,Geo39,Gratis o wartości 10 zł przy zakupach za min. 150 zł.
2021-08-16,Geo39,Gratis o wartości 10 zł przy zakupach za min. 150 zł.
2023-06-26,Geo4,Gratis o wartości 10 zł przy zakupach za min. 150 zł.
2022-05-30,Geo4,Gratis o wartości 10 zł przy zakupach za min. 150 zł.
2023-02-20,Geo5,Gratis o wartości 10 zł przy zakupach za min. 150 zł.
2021-04-12,Geo6,Gratis o wartości 10 zł przy zakupach za min. 150 zł.
2021-06-14,Geo8,Gratis o wartości 10 zł przy zakupach za min. 150 zł.
2023-09-18,Geo9,Gratis o wartości 10 zł przy zakupach za min. 150 zł.
2023-04-03,Geo9,Gratis o wartości 10 zł przy zakupach za min. 150 zł.
2023-05-22,Geo0,"Kup 2 produkty z tej samej kategorii, drugi -10%."
2023-09-18,Geo1,"Kup 2 produkty z tej samej kategorii, drugi -10%."
2021-04-26,Geo10,"Kup 2 produkty z tej samej kategorii, drugi -10%."
2021-07-05,Geo10,"Kup 2 produkty z tej samej kategorii, drugi -10%."
2023-11-20,Geo14,"Kup 2 produkty z tej samej kategorii, drugi -10%."
2023-12-04,Geo17,"Kup 2 produkty z tej samej kategorii, drugi -10%."
2023-11-20,Geo17,"Kup 2 produkty z tej samej kategorii, drugi -10%."
2023-12-11,Geo18,"Kup 2 produkty z tej samej kategorii, drugi -10%."
2021-07-19,Geo18,"Kup 2 produkty z tej samej kategorii, drugi -10%."
2021-08-23,Geo19,"Kup 2 produkty z tej samej kategorii, drugi -10%."
2021-03-01,Geo19,"Kup 2 produkty z tej samej kategorii, drugi -10%."
2022-03-28,Geo2,"Kup 2 produkty z tej samej kategorii, drugi -10%."
2022-07-04,Geo2,"Kup 2 produkty z tej samej kategorii, drugi -10%."
2023-12-04,Geo2,"Kup 2 produkty z tej samej kategorii, drugi -10%."
2023-03-27,Geo2,"Kup 2 produkty z tej samej kategorii, drugi -10%."
2022-10-17,Geo20,"Kup 2 produkty z tej samej kategorii, drugi -10%."
2023-01-16,Geo20,"Kup 2 produkty z tej samej kategorii, drugi -10%."
2023-09-25,Geo22,"Kup 2 produkty z tej samej kategorii, drugi -10%."
2023-02-27,Geo23,"Kup 2 produkty z tej samej kategorii, drugi -10%."
2023-08-21,Geo24,"Kup 2 produkty z tej samej kategorii, drugi -10%."
2021-02-22,Geo25,"Kup 2 produkty z tej samej kategorii, drugi -10%."
2022-07-18,Geo25,"Kup 2 produkty z tej samej kategorii, drugi -10%."
2023-12-25,Geo26,"Kup 2 produkty z tej samej kategorii, drugi -10%."
2021-08-09,Geo26,"Kup 2 produkty z tej samej kategorii, drugi -10%."
2023-11-06,Geo26,"Kup 2 produkty z tej samej kategorii, drugi -10%."
2022-11-21,Geo28,"Kup 2 produkty z tej samej kategorii, drugi -10%."
2021-09-06,Geo28,"Kup 2 produkty z tej samej kategorii, drugi -10%."
2022-02-28,Geo28,"Kup 2 produkty z tej samej kategorii, drugi -10%."
2023-06-12,Geo29,"Kup 2 produkty z tej samej kategorii, drugi -10%."
2023-12-04,Geo3,"Kup 2 produkty z tej samej kategorii, drugi -10%."
2021-12-06,Geo3,"Kup 2 produkty z tej samej kategorii, drugi -10%."
2023-03-06,Geo30,"Kup 2 produkty z tej samej kategorii, drugi -10%."
2021-02-15,Geo31,"Kup 2 produkty z tej samej kategorii, drugi -10%."
2023-04-03,Geo34,"Kup 2 produkty z tej samej kategorii, drugi -10%."
2023-11-13,Geo34,"Kup 2 produkty z tej samej kategorii, drugi -10%."
2022-12-12,Geo37,"Kup 2 produkty z tej samej kategorii, drugi -10%."
2023-03-13,Geo37,"Kup 2 produkty z tej samej kategorii, drugi -10%."
2021-12-27,Geo38,"Kup 2 produkty z tej samej kategorii, drugi -10%."
2021-10-11,Geo39,"Kup 2 produkty z tej samej kategorii, drugi -10%."
2021-03-29,Geo4,"Kup 2 produkty z tej samej kategorii, drugi -10%."
2022-06-27,Geo5,"Kup 2 produkty z tej samej kategorii, drugi -10%."
2023-07-17,Geo6,"Kup 2 produkty z tej samej kategorii, drugi -10%."
2023-02-20,Geo7,"Kup 2 produkty z tej samej kategorii, drugi -10%."
2023-09-04,Geo8,"Kup 2 produkty z tej samej kategorii, drugi -10%."
2021-12-06,Geo9,"Kup 2 produkty z tej samej kategorii, drugi -10%."
2022-02-28,Geo0,"Kup 2 produkty, drugi -25% taniej."
2023-07-10,Geo1,"Kup 2 produkty, drugi -25% taniej."
2021-08-02,Geo10,"Kup 2 produkty, drugi -25% taniej."
2023-02-27,Geo10,"Kup 2 produkty, drugi -25% taniej."
2023-05-29,Geo10,"Kup 2 produkty, drugi -25% taniej."
2023-07-24,Geo11,"Kup 2 produkty, drugi -25% taniej."
2023-01-02,Geo13,"Kup 2 produkty, drugi -25% taniej."
2021-07-19,Geo14,"Kup 2 produkty, drugi -25% taniej."
2023-11-06,Geo17,"Kup 2 produkty, drugi -25% taniej."
2021-07-05,Geo18,"Kup 2 produkty, drugi -25% taniej."
2022-08-15,Geo18,"Kup 2 produkty, drugi -25% taniej."
2023-02-27,Geo19,"Kup 2 produkty, drugi -25% taniej."
2021-09-06,Geo19,"Kup 2 produkty, drugi -25% taniej."
2021-03-22,Geo23,"Kup 2 produkty, drugi -25% taniej."
2023-05-01,Geo23,"Kup 2 produkty, drugi -25% taniej."
2022-10-03,Geo26,"Kup 2 produkty, drugi -25% taniej."
2021-05-10,Geo27,"Kup 2 produkty, drugi -25% taniej."
2023-01-02,Geo27,"Kup 2 produkty, drugi -25% taniej."
2023-02-20,Geo27,"Kup 2 produkty, drugi -25% taniej."
2023-04-03,Geo27,"Kup 2 produkty, drugi -25% taniej."
2021-06-21,Geo3,"Kup 2 produkty, drugi -25% taniej."
2023-11-06,Geo30,"Kup 2 produkty, drugi -25% taniej."
2023-08-14,Geo33,"Kup 2 produkty, drugi -25% taniej."
2022-06-20,Geo38,"Kup 2 produkty, drugi -25% taniej."
2023-02-20,Geo38,"Kup 2 produkty, drugi -25% taniej."
2023-07-31,Geo38,"Kup 2 produkty, drugi -25% taniej."
2024-01-15,Geo39,"Kup 2 produkty, drugi -25% taniej."
2022-05-16,Geo39,"Kup 2 produkty, drugi -25% taniej."
2022-08-29,Geo4,"Kup 2 produkty, drugi -25% taniej."
2022-05-30,Geo7,"Kup 2 produkty, drugi -25% taniej."
2021-10-18,Geo9,"Kup 2 produkty, drugi -25% taniej."
2021-08-30,Geo3,"Kup 2 produkty, drugi -70%."
2021-03-29,Geo32,"Kup 2 produkty, drugi -70%."
2023-08-14,Geo32,"Kup 2 produkty, drugi -70%."
2022-07-18,Geo5,"Kup 2 produkty, drugi -70%."
2021-10-18,Geo0,"Kup 2 produkty, drugi dowolny -30%."
2022-10-31,Geo12,"Kup 2 produkty, drugi dowolny -30%."
2023-11-06,Geo15,"Kup 2 produkty, drugi dowolny -30%."
2023-10-30,Geo16,"Kup 2 produkty, drugi dowolny -30%."
2021-03-22,Geo19,"Kup 2 produkty, drugi dowolny -30%."
2023-08-28,Geo2,"Kup 2 produkty, drugi dowolny -30%."
2022-09-26,Geo2,"Kup 2 produkty, drugi dowolny -30%."
2023-06-12,Geo20,"Kup 2 produkty, drugi dowolny -30%."
2023-03-27,Geo21,"Kup 2 produkty, drugi dowolny -30%."
2024-01-01,Geo26,"Kup 2 produkty, drugi dowolny -30%."
2023-06-26,Geo27,"Kup 2 produkty, drugi dowolny -30%."
2023-11-06,Geo3,"Kup 2 produkty, drugi dowolny -30%."
2022-08-15,Geo31,"Kup 2 produkty, drugi dowolny -30%."
2022-09-26,Geo34,"Kup 2 produkty, drugi dowolny -30%."
2023-12-04,Geo36,"Kup 2 produkty, drugi dowolny -30%."
2022-03-28,Geo37,"Kup 2 produkty, drugi dowolny -30%."
2023-01-23,Geo37,"Kup 2 produkty, drugi dowolny -30%."
2023-11-06,Geo5,"Kup 2 produkty, drugi dowolny -30%."
2023-06-19,Geo6,"Kup 2 produkty, drugi dowolny -30%."
2023-11-20,Geo34,"Kup 2, najdroższy produkt -40%."
2023-12-11,Geo35,"Kup 2, najdroższy produkt -40%."
2022-10-10,Geo8,"Kup 2, najdroższy produkt -40%."
2021-04-19,Geo0,"Kup 3 produkty, najtańszy z rabatem -20%."
2023-11-06,Geo1,"Kup 3 produkty, najtańszy z rabatem -20%."
2023-01-23,Geo10,"Kup 3 produkty, najtańszy z rabatem -20%."
2023-08-14,Geo12,"Kup 3 produkty, najtańszy z rabatem -20%."
2022-06-27,Geo16,"Kup 3 produkty, najtańszy z rabatem -20%."
2021-12-27,Geo19,"Kup 3 produkty, najtańszy z rabatem -20%."
2023-10-09,Geo19,"Kup 3 produkty, najtańszy z rabatem -20%."
2021-02-15,Geo24,"Kup 3 produkty, najtańszy z rabatem -20%."
2022-01-10,Geo24,"Kup 3 produkty, najtańszy z rabatem -20%."
2021-08-30,Geo25,"Kup 3 produkty, najtańszy z rabatem -20%."
2022-04-04,Geo25,"Kup 3 produkty, najtańszy z rabatem -20%."
2022-08-29,Geo26,"Kup 3 produkty, najtańszy z rabatem -20%."
2023-05-22,Geo27,"Kup 3 produkty, najtańszy z rabatem -20%."
2021-06-21,Geo27,"Kup 3 produkty, najtańszy z rabatem -20%."
2021-11-15,Geo30,"Kup 3 produkty, najtańszy z rabatem -20%."
2022-06-27,Geo30,"Kup 3 produkty, najtańszy z rabatem -20%."
2023-12-18,Geo30,"Kup 3 produkty, najtańszy z rabatem -20%."
2021-01-25,Geo31,"Kup 3 produkty, najtańszy z rabatem -20%."
2021-09-20,Geo33,"Kup 3 produkty, najtańszy z rabatem -20%."
2022-06-13,Geo35,"Kup 3 produkty, najtańszy z rabatem -20%."
2022-09-26,Geo35,"Kup 3 produkty, najtańszy z rabatem -20%."
2022-05-16,Geo36,"Kup 3 produkty, najtańszy z rabatem -20%."
2022-08-08,Geo36,"Kup 3 produkty, najtańszy z rabatem -20%."
2022-11-07,Geo37,"Kup 3 produkty, najtańszy z rabatem -20%."
2023-06-19,Geo39,"Kup 3 produkty, najtańszy z rabatem -20%."
2023-09-18,Geo39,"Kup 3 produkty, najtańszy z rabatem -20%."
2021-02-08,Geo39,"Kup 3 produkty, najtańszy z rabatem -20%."
2022-11-14,Geo4,"Kup 3 produkty, najtańszy z rabatem -20%."
2023-04-24,Geo5,"Kup 3 produkty, najtańszy z rabatem -20%."
2021-03-29,Geo9,"Kup 3 produkty, najtańszy z rabatem -20%."
2022-07-18,Geo13,"Kup 3, najtańszy produkt za 1 zł."
2022-06-06,Geo15,"Kup 3, najtańszy produkt za 1 zł."
2021-10-11,Geo17,"Kup 3, najtańszy produkt za 1 zł."
2021-02-08,Geo18,"Kup 3, najtańszy produkt za 1 zł."
2022-05-30,Geo2,"Kup 3, najtańszy produkt za 1 zł."
2021-06-28,Geo23,"Kup 3, najtańszy produkt za 1 zł."
2023-12-11,Geo25,"Kup 3, najtańszy produkt za 1 zł."
2021-11-08,Geo28,"Kup 3, najtańszy produkt za 1 zł."
2023-04-17,Geo13,"Kup 3, najtańszy z rabatem -50%."
2022-09-12,Geo14,"Kup 3, najtańszy z rabatem -50%."
2023-08-14,Geo19,"Kup 3, najtańszy z rabatem -50%."
2023-04-10,Geo19,"Kup 3, najtańszy z rabatem -50%."
2021-11-29,Geo21,"Kup 3, najtańszy z rabatem -50%."
2021-07-05,Geo21,"Kup 3, najtańszy z rabatem -50%."
2023-11-20,Geo25,"Kup 3, najtańszy z rabatem -50%."
2022-05-30,Geo26,"Kup 3, najtańszy z rabatem -50%."
2022-10-31,Geo27,"Kup 3, najtańszy z rabatem -50%."
2023-04-17,Geo28,"Kup 3, najtańszy z rabatem -50%."
2024-01-08,Geo28,"Kup 3, najtańszy z rabatem -50%."
2022-07-04,Geo29,"Kup 3, najtańszy z rabatem -50%."
2022-10-10,Geo30,"Kup 3, najtańszy z rabatem -50%."
2023-05-15,Geo30,"Kup 3, najtańszy z rabatem -50%."
2023-09-11,Geo33,"Kup 3, najtańszy z rabatem -50%."
2023-10-23,Geo34,"Kup 3, najtańszy z rabatem -50%."
2021-10-11,Geo34,"Kup 3, najtańszy z rabatem -50%."
2021-10-18,Geo35,"Kup 3, najtańszy z rabatem -50%."
2023-02-20,Geo39,"Kup 3, najtańszy z rabatem -50%."
2023-10-02,Geo6,"Kup 3, najtańszy z rabatem -50%."
2023-02-20,Geo8,"Kup 3, najtańszy z rabatem -50%."
2023-12-11,Geo9,"Kup 3, najtańszy z rabatem -50%."
2022-10-24,Geo15,"Kup 3, zapłać za 2 (najtańszy gratis)."
2021-05-03,Geo0,"Kup 4, zapłać za 3 z całej oferty."
2022-02-07,Geo1,"Kup 4, zapłać za 3 z całej oferty."
2021-07-05,Geo1,"Kup 4, zapłać za 3 z całej oferty."
2022-08-22,Geo1,"Kup 4, zapłać za 3 z całej oferty."
2022-11-14,Geo1,"Kup 4, zapłać za 3 z całej oferty."
2023-10-02,Geo10,"Kup 4, zapłać za 3 z całej oferty."
2023-02-13,Geo11,"Kup 4, zapłać za 3 z całej oferty."
2023-03-27,Geo11,"Kup 4, zapłać za 3 z całej oferty."
2022-01-10,Geo13,"Kup 4, zapłać za 3 z całej oferty."
2022-05-23,Geo15,"Kup 4, zapłać za 3 z całej oferty."
2023-07-31,Geo15,"Kup 4, zapłać za 3 z całej oferty."
2022-09-05,Geo16,"Kup 4, zapłać za 3 z całej oferty."
2023-11-27,Geo17,"Kup 4, zapłać za 3 z całej oferty."
2022-10-24,Geo20,"Kup 4, zapłać za 3 z całej oferty."
2021-02-01,Geo20,"Kup 4, zapłać za 3 z całej oferty."
2022-03-28,Geo21,"Kup 4, zapłać za 3 z całej oferty."
2021-02-08,Geo21,"Kup 4, zapłać za 3 z całej oferty."
2022-10-03,Geo22,"Kup 4, zapłać za 3 z całej oferty."
2023-07-03,Geo24,"Kup 4, zapłać za 3 z całej oferty."
2022-04-04,Geo26,"Kup 4, zapłać za 3 z całej oferty."
2022-12-26,Geo29,"Kup 4, zapłać za 3 z całej oferty."
2023-11-13,Geo31,"Kup 4, zapłać za 3 z całej oferty."
2021-05-31,Geo33,"Kup 4, zapłać za 3 z całej oferty."
2022-08-22,Geo33,"Kup 4, zapłać za 3 z całej oferty."
2021-04-05,Geo33,"Kup 4, zapłać za 3 z całej oferty."
2022-10-17,Geo34,"Kup 4, zapłać za 3 z całej oferty."
2022-07-11,Geo37,"Kup 4, zapłać za 3 z całej oferty."
2023-09-11,Geo39,"Kup 4, zapłać za 3 z całej oferty."
2022-11-21,Geo7,"Kup 4, zapłać za 3 z całej oferty."
2022-08-01,Geo18,"Kup jeden produkt, drugi dowolny (tańszy) otrzymasz z rabatem -80%."
2021-12-06,Geo2,"Kup jeden produkt, drugi dowolny (tańszy) otrzymasz z rabatem -80%."
2023-08-21,Geo11,"Kup produkt z nowej kolekcji, drugi dowolny -50%."
2023-12-11,Geo13,"Kup produkt z nowej kolekcji, drugi dowolny -50%."
2021-08-09,Geo15,"Kup produkt z nowej kolekcji, drugi dowolny -50%."
2023-08-14,Geo15,"Kup produkt z nowej kolekcji, drugi dowolny -50%."
2022-12-26,Geo35,"Kup produkt z nowej kolekcji, drugi dowolny -50%."
2023-02-06,Geo7,"Kup produkt z nowej kolekcji, drugi dowolny -50%."
2023-09-25,Geo7,"Kup produkt z nowej kolekcji, drugi dowolny -50%."
2023-10-02,Geo9,"Kup produkt z nowej kolekcji, drugi dowolny -50%."
2021-08-30,Geo1,"Kup produkt za min. 200 zł, drugi dowolny -70%."
2021-10-18,Geo34,"Kup produkt za min. 200 zł, drugi dowolny -70%."
2021-06-28,Geo0,Kupon rabatowy -5% na kolejne zakupy.
2023-05-22,Geo1,Kupon rabatowy -5% na kolejne zakupy.
2022-09-05,Geo10,Kupon rabatowy -5% na kolejne zakupy.
2021-09-06,Geo10,Kupon rabatowy -5% na kolejne zakupy.
2022-06-27,Geo10,Kupon rabatowy -5% na kolejne zakupy.
2021-05-31,Geo11,Kupon rabatowy -5% na kolejne zakupy.
2021-12-06,Geo12,Kupon rabatowy -5% na kolejne zakupy.
2021-05-03,Geo12,Kupon rabatowy -5% na kolejne zakupy.
2023-01-16,Geo13,Kupon rabatowy -5% na kolejne zakupy.
2021-05-03,Geo15,Kupon rabatowy -5% na kolejne zakupy.
2022-01-10,Geo16,Kupon rabatowy -5% na kolejne zakupy.
2024-01-08,Geo18,Kupon rabatowy -5% na kolejne zakupy.
2021-08-02,Geo19,Kupon rabatowy -5% na kolejne zakupy.
2022-12-26,Geo19,Kupon rabatowy -5% na kolejne zakupy.
2021-06-21,Geo20,Kupon rabatowy -5% na kolejne zakupy.
2023-06-12,Geo22,Kupon rabatowy -5% na kolejne zakupy.
2023-08-28,Geo22,Kupon rabatowy -5% na kolejne zakupy.
2023-10-02,Geo25,Kupon rabatowy -5% na kolejne zakupy.
2022-12-12,Geo25,Kupon rabatowy -5% na kolejne zakupy.
2023-07-10,Geo26,Kupon rabatowy -5% na kolejne zakupy.
2022-08-01,Geo26,Kupon rabatowy -5% na kolejne zakupy.
2023-07-03,Geo27,Kupon rabatowy -5% na kolejne zakupy.
2022-03-28,Geo29,Kupon rabatowy -5% na kolejne zakupy.
2022-07-25,Geo3,Kupon rabatowy -5% na kolejne zakupy.
2021-11-22,Geo3,Kupon rabatowy -5% na kolejne zakupy.
2022-02-21,Geo3,Kupon rabatowy -5% na kolejne zakupy.
2022-03-07,Geo30,Kupon rabatowy -5% na kolejne zakupy.
2023-09-25,Geo31,Kupon rabatowy -5% na kolejne zakupy.
2023-05-29,Geo31,Kupon rabatowy -5% na kolejne zakupy.
2022-03-07,Geo32,Kupon rabatowy -5% na kolejne zakupy.
2021-06-07,Geo33,Kupon rabatowy -5% na kolejne zakupy.
2023-04-17,Geo34,Kupon rabatowy -5% na kolejne zakupy.
2021-06-21,Geo34,Kupon rabatowy -5% na kolejne zakupy.
2022-02-07,Geo36,Kupon rabatowy -5% na kolejne zakupy.
2022-08-15,Geo37,Kupon rabatowy -5% na kolejne zakupy.
2021-08-09,Geo37,Kupon rabatowy -5% na kolejne zakupy.
2024-01-01,Geo38,Kupon rabatowy -5% na kolejne zakupy.
2022-08-22,Geo4,Kupon rabatowy -5% na kolejne zakupy.
2023-01-09,Geo4,Kupon rabatowy -5% na kolejne zakupy.
2022-06-20,Geo5,Kupon rabatowy -5% na kolejne zakupy.
2021-05-17,Geo6,Kupon rabatowy -5% na kolejne zakupy.
2021-02-15,Geo7,Kupon rabatowy -5% na kolejne zakupy.
2022-09-19,Geo7,Kupon rabatowy -5% na kolejne zakupy.
2023-02-06,Geo8,Kupon rabatowy -5% na kolejne zakupy.
2023-11-20,Geo8,Kupon rabatowy -5% na kolejne zakupy.
2023-05-15,Geo11,Nocna promocja: -25% na wszystko między 22:00 a 6:00.
2023-10-16,Geo13,Nocna promocja: -25% na wszystko między 22:00 a 6:00.
2023-09-04,Geo24,Nocna promocja: -25% na wszystko między 22:00 a 6:00.
2021-10-18,Geo39,Nocna promocja: -25% na wszystko między 22:00 a 6:00.
2022-11-14,Geo39,Nocna promocja: -25% na wszystko między 22:00 a 6:00.
2023-07-24,Geo10,Oferta Black Friday: -40% na cały asortyment.
2022-05-02,Geo0,Pełnowymiarowy gratis o wartości 15 zł przy zakupach za min. 200 zł.
2022-02-14,Geo1,Pełnowymiarowy gratis o wartości 15 zł przy zakupach za min. 200 zł.
2021-05-17,Geo1,Pełnowymiarowy gratis o wartości 15 zł przy zakupach za min. 200 zł.
2022-07-04,Geo1,Pełnowymiarowy gratis o wartości 15 zł przy zakupach za min. 200 zł.
2023-07-10,Geo10,Pełnowymiarowy gratis o wartości 15 zł przy zakupach za min. 200 zł.
2021-03-22,Geo10,Pełnowymiarowy gratis o wartości 15 zł przy zakupach za min. 200 zł.
2022-08-29,Geo11,Pełnowymiarowy gratis o wartości 15 zł przy zakupach za min. 200 zł.
2023-04-10,Geo13,Pełnowymiarowy gratis o wartości 15 zł przy zakupach za min. 200 zł.
2022-04-04,Geo14,Pełnowymiarowy gratis o wartości 15 zł przy zakupach za min. 200 zł.
2023-05-22,Geo15,Pełnowymiarowy gratis o wartości 15 zł przy zakupach za min. 200 zł.
2021-02-22,Geo16,Pełnowymiarowy gratis o wartości 15 zł przy zakupach za min. 200 zł.
2021-08-23,Geo16,Pełnowymiarowy gratis o wartości 15 zł przy zakupach za min. 200 zł.
2023-10-30,Geo18,Pełnowymiarowy gratis o wartości 15 zł przy zakupach za min. 200 zł.
2021-12-27,Geo18,Pełnowymiarowy gratis o wartości 15 zł przy zakupach za min. 200 zł.
2022-01-10,Geo2,Pełnowymiarowy gratis o wartości 15 zł przy zakupach za min. 200 zł.
2022-10-17,Geo21,Pełnowymiarowy gratis o wartości 15 zł przy zakupach za min. 200 zł.
2021-08-23,Geo24,Pełnowymiarowy gratis o wartości 15 zł przy zakupach za min. 200 zł.
2022-01-17,Geo26,Pełnowymiarowy gratis o wartości 15 zł przy zakupach za min. 200 zł.
2022-09-05,Geo26,Pełnowymiarowy gratis o wartości 15 zł przy zakupach za min. 200 zł.
2022-11-28,Geo26,Pełnowymiarowy gratis o wartości 15 zł przy zakupach za min. 200 zł.
2022-10-24,Geo27,Pełnowymiarowy gratis o wartości 15 zł przy zakupach za min. 200 zł.
2023-06-19,Geo27,Pełnowymiarowy gratis o wartości 15 zł przy zakupach za min. 200 zł.
2021-04-26,Geo28,Pełnowymiarowy gratis o wartości 15 zł przy zakupach za min. 200 zł.
2022-10-10,Geo3,Pełnowymiarowy gratis o wartości 15 zł przy zakupach za min. 200 zł.
2022-08-15,Geo30,Pełnowymiarowy gratis o wartości 15 zł przy zakupach za min. 200 zł.
2021-11-15,Geo33,Pełnowymiarowy gratis o wartości 15 zł przy zakupach za min. 200 zł.
2023-11-27,Geo33,Pełnowymiarowy gratis o wartości 15 zł przy zakupach za min. 200 zł.
2022-07-18,Geo33,Pełnowymiarowy gratis o wartości 15 zł przy zakupach za min. 200 zł.
2022-11-07,Geo36,Pełnowymiarowy gratis o wartości 15 zł przy zakupach za min. 200 zł.
2022-02-28,Geo36,Pełnowymiarowy gratis o wartości 15 zł przy zakupach za min. 200 zł.
2024-01-01,Geo37,Pełnowymiarowy gratis o wartości 15 zł przy zakupach za min. 200 zł.
2022-11-28,Geo37,Pełnowymiarowy gratis o wartości 15 zł przy zakupach za min. 200 zł.
2021-06-28,Geo38,Pełnowymiarowy gratis o wartości 15 zł przy zakupach za min. 200 zł.
2023-05-01,Geo5,Pełnowymiarowy gratis o wartości 15 zł przy zakupach za min. 200 zł.
2021-08-30,Geo6,Pełnowymiarowy gratis o wartości 15 zł przy zakupach za min. 200 zł.
2022-07-11,Geo6,Pełnowymiarowy gratis o wartości 15 zł przy zakupach za min. 200 zł.
2021-10-18,Geo7,Pełnowymiarowy gratis o wartości 15 zł przy zakupach za min. 200 zł.
2022-06-27,Geo7,Pełnowymiarowy gratis o wartości 15 zł przy zakupach za min. 200 zł.
2021-02-08,Geo8,Pełnowymiarowy gratis o wartości 15 zł przy zakupach za min. 200 zł.
2022-01-03,Geo9,Pełnowymiarowy gratis o wartości 15 zł przy zakupach za min. 200 zł.
2023-07-03,Geo0,Pierwszeństwo w dostępie do limitowanej kolekcji.
2023-06-05,Geo0,Pierwszeństwo w dostępie do limitowanej kolekcji.
2021-06-07,Geo0,Pierwszeństwo w dostępie do limitowanej kolekcji.
2022-11-07,Geo1,Pierwszeństwo w dostępie do limitowanej kolekcji.
2024-01-08,Geo10,Pierwszeństwo w dostępie do limitowanej kolekcji.
2021-05-17,Geo10,Pierwszeństwo w dostępie do limitowanej kolekcji.
2022-07-04,Geo10,Pierwszeństwo w dostępie do limitowanej kolekcji.
2022-11-14,Geo11,Pierwszeństwo w dostępie do limitowanej kolekcji.
2021-03-29,Geo11,Pierwszeństwo w dostępie do limitowanej kolekcji.
2021-02-01,Geo11,Pierwszeństwo w dostępie do limitowanej kolekcji.
2023-03-27,Geo12,Pierwszeństwo w dostępie do limitowanej kolekcji.
2021-03-01,Geo14,Pierwszeństwo w dostępie do limitowanej kolekcji.
2022-07-18,Geo14,Pierwszeństwo w dostępie do limitowanej kolekcji.
2023-10-30,Geo14,Pierwszeństwo w dostępie do limitowanej kolekcji.
2023-12-04,Geo14,Pierwszeństwo w dostępie do limitowanej kolekcji.
2021-04-12,Geo16,Pierwszeństwo w dostępie do limitowanej kolekcji.
2021-04-19,Geo17,Pierwszeństwo w dostępie do limitowanej kolekcji.
2022-02-07,Geo17,Pierwszeństwo w dostępie do limitowanej kolekcji.
2022-01-10,Geo18,Pierwszeństwo w dostępie do limitowanej kolekcji.
2022-06-06,Geo18,Pierwszeństwo w dostępie do limitowanej kolekcji.
2023-09-18,Geo20,Pierwszeństwo w dostępie do limitowanej kolekcji.
2021-04-12,Geo20,Pierwszeństwo w dostępie do limitowanej kolekcji.
2023-09-25,Geo23,Pierwszeństwo w dostępie do limitowanej kolekcji.
2023-11-20,Geo23,Pierwszeństwo w dostępie do limitowanej kolekcji.
2023-06-19,Geo24,Pierwszeństwo w dostępie do limitowanej kolekcji.
2021-09-27,Geo25,Pierwszeństwo w dostępie do limitowanej kolekcji.
2021-08-16,Geo26,Pierwszeństwo w dostępie do limitowanej kolekcji.
2023-08-14,Geo27,Pierwszeństwo w dostępie do limitowanej kolekcji.
2023-05-01,Geo28,Pierwszeństwo w dostępie do limitowanej kolekcji.
2023-01-02,Geo29,Pierwszeństwo w dostępie do limitowanej kolekcji.
2022-10-10,Geo29,Pierwszeństwo w dostępie do limitowanej kolekcji.
2023-02-27,Geo29,Pierwszeństwo w dostępie do limitowanej kolekcji.
2023-03-06,Geo3,Pierwszeństwo w dostępie do limitowanej kolekcji.
2023-01-02,Geo30,Pierwszeństwo w dostępie do limitowanej kolekcji.
2023-10-30,Geo31,Pierwszeństwo w dostępie do limitowanej kolekcji.
2022-01-17,Geo32,Pierwszeństwo w dostępie do limitowanej kolekcji.
2022-06-20,Geo34,Pierwszeństwo w dostępie do limitowanej kolekcji.
2021-11-15,Geo35,Pierwszeństwo w dostępie do limitowanej kolekcji.
2022-06-20,Geo35,Pierwszeństwo w dostępie do limitowanej kolekcji.
2022-09-19,Geo37,Pierwszeństwo w dostępie do limitowanej kolekcji.
2022-03-21,Geo38,Pierwszeństwo w dostępie do limitowanej kolekcji.
2024-01-08,Geo39,Pierwszeństwo w dostępie do limitowanej kolekcji.
2022-12-12,Geo39,Pierwszeństwo w dostępie do limitowanej kolekcji.
2023-04-10,Geo4,Pierwszeństwo w dostępie do limitowanej kolekcji.
2022-12-12,Geo4,Pierwszeństwo w dostępie do limitowanej kolekcji.
2021-10-18,Geo5,Pierwszeństwo w dostępie do limitowanej kolekcji.
2023-01-23,Geo5,Pierwszeństwo w dostępie do limitowanej kolekcji.
2022-04-11,Geo5,Pierwszeństwo w dostępie do limitowanej kolekcji.
2022-12-19,Geo7,Pierwszeństwo w dostępie do limitowanej kolekcji.
2022-10-03,Geo9,Pierwszeństwo w dostępie do limitowanej kolekcji.
2021-04-26,Geo9,Pierwszeństwo w dostępie do limitowanej kolekcji.
2023-10-09,Geo0,Podwójne punkty (x2) za zakupy w aplikacji mobilnej.
2023-01-09,Geo0,Podwójne punkty (x2) za zakupy w aplikacji mobilnej.
2021-06-28,Geo10,Podwójne punkty (x2) za zakupy w aplikacji mobilnej.
2021-12-06,Geo10,Podwójne punkty (x2) za zakupy w aplikacji mobilnej.
2021-10-04,Geo11,Podwójne punkty (x2) za zakupy w aplikacji mobilnej.
2021-07-12,Geo13,Podwójne punkty (x2) za zakupy w aplikacji mobilnej.
2023-07-24,Geo14,Podwójne punkty (x2) za zakupy w aplikacji mobilnej.
2023-05-08,Geo14,Podwójne punkty (x2) za zakupy w aplikacji mobilnej.
2023-04-10,Geo17,Podwójne punkty (x2) za zakupy w aplikacji mobilnej.
2023-10-30,Geo17,Podwójne punkty (x2) za zakupy w aplikacji mobilnej.
2021-09-06,Geo17,Podwójne punkty (x2) za zakupy w aplikacji mobilnej.
2023-03-27,Geo17,Podwójne punkty (x2) za zakupy w aplikacji mobilnej.
2022-11-14,Geo18,Podwójne punkty (x2) za zakupy w aplikacji mobilnej.
2023-09-18,Geo18,Podwójne punkty (x2) za zakupy w aplikacji mobilnej.
2023-06-05,Geo19,Podwójne punkty (x2) za zakupy w aplikacji mobilnej.
2023-05-22,Geo2,Podwójne punkty (x2) za zakupy w aplikacji mobilnej.
2023-10-09,Geo20,Podwójne punkty (x2) za zakupy w aplikacji mobilnej.
2021-08-09,Geo20,Podwójne punkty (x2) za zakupy w aplikacji mobilnej.
2021-08-23,Geo21,Podwójne punkty (x2) za zakupy w aplikacji mobilnej.
2023-04-17,Geo22,Podwójne punkty (x2) za zakupy w aplikacji mobilnej.
2021-12-06,Geo23,Podwójne punkty (x2) za zakupy w aplikacji mobilnej.
2022-04-11,Geo24,Podwójne punkty (x2) za zakupy w aplikacji mobilnej.
2022-10-03,Geo24,Podwójne punkty (x2) za zakupy w aplikacji mobilnej.
2021-05-31,Geo25,Podwójne punkty (x2) za zakupy w aplikacji mobilnej.
2023-11-13,Geo25,Podwójne punkty (x2) za zakupy w aplikacji mobilnej.
2023-12-25,Geo25,Podwójne punkty (x2) za zakupy w aplikacji mobilnej.
2022-08-15,Geo26,Podwójne punkty (x2) za zakupy w aplikacji mobilnej.
2021-03-29,Geo26,Podwójne punkty (x2) za zakupy w aplikacji mobilnej.
2022-07-18,Geo27,Podwójne punkty (x2) za zakupy w aplikacji mobilnej.
2023-09-04,Geo27,Podwójne punkty (x2) za zakupy w aplikacji mobilnej.
2022-06-06,Geo28,Podwójne punkty (x2) za zakupy w aplikacji mobilnej.
2022-12-05,Geo28,Podwójne punkty (x2) za zakupy w aplikacji mobilnej.
2023-01-23,Geo29,Podwójne punkty (x2) za zakupy w aplikacji mobilnej.
2021-04-19,Geo29,Podwójne punkty (x2) za zakupy w aplikacji mobilnej.
2024-01-15,Geo30,Podwójne punkty (x2) za zakupy w aplikacji mobilnej.
2021-04-19,Geo30,Podwójne punkty (x2) za zakupy w aplikacji mobilnej.
2023-02-20,Geo30,Podwójne punkty (x2) za zakupy w aplikacji mobilnej.
2021-12-13,Geo31,Podwójne punkty (x2) za zakupy w aplikacji mobilnej.
2021-03-01,Geo31,Podwójne punkty (x2) za zakupy w aplikacji mobilnej.
2022-01-10,Geo31,Podwójne punkty (x2) za zakupy w aplikacji mobilnej.
2021-10-18,Geo31,Podwójne punkty (x2) za zakupy w aplikacji mobilnej.
2023-05-01,Geo32,Podwójne punkty (x2) za zakupy w aplikacji mobilnej.
2021-03-01,Geo33,Podwójne punkty (x2) za zakupy w aplikacji mobilnej.
2021-04-26,Geo33,Podwójne punkty (x2) za zakupy w aplikacji mobilnej.
2022-09-19,Geo34,Podwójne punkty (x2) za zakupy w aplikacji mobilnej.
2021-07-05,Geo34,Podwójne punkty (x2) za zakupy w aplikacji mobilnej.
2022-12-05,Geo35,Podwójne punkty (x2) za zakupy w aplikacji mobilnej.
2022-10-17,Geo36,Podwójne punkty (x2) za zakupy w aplikacji mobilnej.
2023-03-27,Geo37,Podwójne punkty (x2) za zakupy w aplikacji mobilnej.
2023-03-20,Geo37,Podwójne punkty (x2) za zakupy w aplikacji mobilnej.
2022-07-25,Geo37,Podwójne punkty (x2) za zakupy w aplikacji mobilnej.
2021-02-15,Geo38,Podwójne punkty (x2) za zakupy w aplikacji mobilnej.
2022-06-06,Geo38,Podwójne punkty (x2) za zakupy w aplikacji mobilnej.
2023-10-16,Geo39,Podwójne punkty (x2) za zakupy w aplikacji mobilnej.
2023-02-13,Geo4,Podwójne punkty (x2) za zakupy w aplikacji mobilnej.
2023-01-16,Geo5,Podwójne punkty (x2) za zakupy w aplikacji mobilnej.
2023-04-24,Geo6,Podwójne punkty (x2) za zakupy w aplikacji mobilnej.
2021-05-03,Geo8,Podwójne punkty (x2) za zakupy w aplikacji mobilnej.
2023-07-24,Geo8,Podwójne punkty (x2) za zakupy w aplikacji mobilnej.
2023-11-27,Geo9,Podwójne punkty (x2) za zakupy w aplikacji mobilnej.
2022-10-10,Geo0,Potrójne punkty (x3) za zakupy w dniu urodzin.
2023-01-09,Geo13,Potrójne punkty (x3) za zakupy w dniu urodzin.
2021-10-04,Geo13,Potrójne punkty (x3) za zakupy w dniu urodzin.
2023-04-17,Geo15,Potrójne punkty (x3) za zakupy w dniu urodzin.
2022-10-17,Geo16,Potrójne punkty (x3) za zakupy w dniu urodzin.
2023-08-07,Geo16,Potrójne punkty (x3) za zakupy w dniu urodzin.
2022-11-14,Geo17,Potrójne punkty (x3) za zakupy w dniu urodzin.
2023-11-06,Geo19,Potrójne punkty (x3) za zakupy w dniu urodzin.
2022-10-17,Geo19,Potrójne punkty (x3) za zakupy w dniu urodzin.
2022-09-19,Geo2,Potrójne punkty (x3) za zakupy w dniu urodzin.
2021-03-01,Geo2,Potrójne punkty (x3) za zakupy w dniu urodzin.
2023-04-17,Geo2,Potrójne punkty (x3) za zakupy w dniu urodzin.
2022-01-24,Geo20,Potrójne punkty (x3) za zakupy w dniu urodzin.
2023-03-13,Geo24,Potrójne punkty (x3) za zakupy w dniu urodzin.
2021-06-21,Geo26,Potrójne punkty (x3) za zakupy w dniu urodzin.
2022-04-11,Geo26,Potrójne punkty (x3) za zakupy w dniu urodzin.
2023-07-10,Geo27,Potrójne punkty (x3) za zakupy w dniu urodzin.
2023-12-04,Geo28,Potrójne punkty (x3) za zakupy w dniu urodzin.
2021-12-20,Geo28,Potrójne punkty (x3) za zakupy w dniu urodzin.
2021-10-04,Geo29,Potrójne punkty (x3) za zakupy w dniu urodzin.
2023-12-11,Geo29,Potrójne punkty (x3) za zakupy w dniu urodzin.
2023-03-27,Geo32,Potrójne punkty (x3) za zakupy w dniu urodzin.
2023-12-25,Geo32,Potrójne punkty (x3) za zakupy w dniu urodzin.
2023-03-27,Geo35,Potrójne punkty (x3) za zakupy w dniu urodzin.
2022-12-19,Geo35,Potrójne punkty (x3) za zakupy w dniu urodzin.
2022-02-28,Geo38,Potrójne punkty (x3) za zakupy w dniu urodzin.
2021-11-29,Geo38,Potrójne punkty (x3) za zakupy w dniu urodzin.
2022-11-21,Geo38,Potrójne punkty (x3) za zakupy w dniu urodzin.
2023-04-03,Geo39,Potrójne punkty (x3) za zakupy w dniu urodzin.
2022-12-26,Geo39,Potrójne punkty (x3) za zakupy w dniu urodzin.
2023-04-03,Geo5,Potrójne punkty (x3) za zakupy w dniu urodzin.
2021-02-01,Geo5,Potrójne punkty (x3) za zakupy w dniu urodzin.
2022-03-28,Geo6,Potrójne punkty (x3) za zakupy w dniu urodzin.
2022-02-14,Geo7,Potrójne punkty (x3) za zakupy w dniu urodzin.
2023-06-19,Geo7,Potrójne punkty (x3) za zakupy w dniu urodzin.
2022-06-27,Geo8,Potrójne punkty (x3) za zakupy w dniu urodzin.
2022-09-05,Geo1,Promocja 3 za 2 na całą kategorię produktów.
2021-08-30,Geo10,Promocja 3 za 2 na całą kategorię produktów.
2022-07-18,Geo10,Promocja 3 za 2 na całą kategorię produktów.
2021-10-04,Geo10,Promocja 3 za 2 na całą kategorię produktów.
2023-09-04,Geo10,Promocja 3 za 2 na całą kategorię produktów.
2021-07-05,Geo13,Promocja 3 za 2 na całą kategorię produktów.
2022-02-21,Geo16,Promocja 3 za 2 na całą kategorię produktów.
2023-01-23,Geo16,Promocja 3 za 2 na całą kategorię produktów.
2022-07-04,Geo17,Promocja 3 za 2 na całą kategorię produktów.
2023-11-06,Geo2,Promocja 3 za 2 na całą kategorię produktów.
2023-08-28,Geo20,Promocja 3 za 2 na całą kategorię produktów.
2023-04-10,Geo21,Promocja 3 za 2 na całą kategorię produktów.
2023-05-08,Geo24,Promocja 3 za 2 na całą kategorię produktów.
2021-08-02,Geo27,Promocja 3 za 2 na całą kategorię produktów.
2022-09-26,Geo27,Promocja 3 za 2 na całą kategorię produktów.
2023-02-27,Geo27,Promocja 3 za 2 na całą kategorię produktów.
2023-09-18,Geo30,Promocja 3 za 2 na całą kategorię produktów.
2024-01-01,Geo31,Promocja 3 za 2 na całą kategorię produktów.
2021-04-19,Geo31,Promocja 3 za 2 na całą kategorię produktów.
2021-03-29,Geo35,Promocja 3 za 2 na całą kategorię produktów.
2023-11-06,Geo36,Promocja 3 za 2 na całą kategorię produktów.
2022-05-30,Geo38,Promocja 3 za 2 na całą kategorię produktów.
2021-08-30,Geo39,Promocja 3 za 2 na całą kategorię produktów.
2021-09-13,Geo5,Promocja 3 za 2 na całą kategorię produktów.
2022-12-05,Geo5,Promocja 3 za 2 na całą kategorię produktów.
2021-11-15,Geo6,Promocja 3 za 2 na całą kategorię produktów.
2022-05-30,Geo8,Promocja 3 za 2 na całą kategorię produktów.
2022-11-21,Geo1,Promocja 3 za 2 na całą ofertę sklepu.
2023-09-11,Geo10,Promocja 3 za 2 na całą ofertę sklepu.
2021-07-05,Geo12,Promocja 3 za 2 na całą ofertę sklepu.
2021-05-17,Geo12,Promocja 3 za 2 na całą ofertę sklepu.
2023-05-22,Geo22,Promocja 3 za 2 na całą ofertę sklepu.
2021-12-27,Geo25,Promocja 3 za 2 na całą ofertę sklepu.
2022-11-14,Geo28,Promocja 3 za 2 na całą ofertę sklepu.
2022-10-31,Geo30,Promocja 3 za 2 na całą ofertę sklepu.
2022-12-12,Geo32,Promocja 3 za 2 na całą ofertę sklepu.
2023-06-05,Geo4,Promocja 3 za 2 na całą ofertę sklepu.
2023-08-14,Geo4,Promocja 3 za 2 na całą ofertę sklepu.
2023-08-14,Geo20,Promocja 3 za 2 na droższe produkty.
2021-07-05,Geo20,Promocja 3 za 2 na droższe produkty.
2022-10-24,Geo21,Promocja 3 za 2 na droższe produkty.
2022-01-10,Geo28,Promocja 3 za 2 na droższe produkty.
2021-10-18,Geo28,Promocja 3 za 2 na droższe produkty.
2022-02-28,Geo39,Promocja 3 za 2 na droższe produkty.
2023-02-27,Geo4,Promocja 3 za 2 na droższe produkty.
2022-07-04,Geo6,Promocja 3 za 2 na droższe produkty.
2022-05-02,Geo8,Promocja 3 za 2 na droższe produkty.
2022-12-26,Geo0,Promocja 3 za 2 na wybrane akcesoria.
2021-07-05,Geo0,Promocja 3 za 2 na wybrane akcesoria.
2022-04-25,Geo1,Promocja 3 za 2 na wybrane akcesoria.
2021-05-31,Geo10,Promocja 3 za 2 na wybrane akcesoria.
2023-06-26,Geo13,Promocja 3 za 2 na wybrane akcesoria.
2021-04-26,Geo13,Promocja 3 za 2 na wybrane akcesoria.
2021-07-05,Geo15,Promocja 3 za 2 na wybrane akcesoria.
2023-08-07,Geo17,Promocja 3 za 2 na wybrane akcesoria.
2021-05-17,Geo2,Promocja 3 za 2 na wybrane akcesoria.
2023-12-11,Geo22,Promocja 3 za 2 na wybrane akcesoria.
2021-10-11,Geo23,Promocja 3 za 2 na wybrane akcesoria.
2023-01-09,Geo23,Promocja 3 za 2 na wybrane akcesoria.
2023-08-28,Geo24,Promocja 3 za 2 na wybrane akcesoria.
2021-11-22,Geo24,Promocja 3 za 2 na wybrane akcesoria.
2023-09-18,Geo25,Promocja 3 za 2 na wybrane akcesoria.
2021-10-11,Geo26,Promocja 3 za 2 na wybrane akcesoria.
2023-05-15,Geo26,Promocja 3 za 2 na wybrane akcesoria.
2021-07-05,Geo27,Promocja 3 za 2 na wybrane akcesoria.
2021-08-09,Geo3,Promocja 3 za 2 na wybrane akcesoria.
2024-01-01,Geo32,Promocja 3 za 2 na wybrane akcesoria.
2022-06-06,Geo32,Promocja 3 za 2 na wybrane akcesoria.
2021-09-20,Geo37,Promocja 3 za 2 na wybrane akcesoria.
2023-03-06,Geo38,Promocja 3 za 2 na wybrane akcesoria.
2023-05-29,Geo8,Promocja 3 za 2 na wybrane akcesoria.
2022-10-24,Geo9,Promocja 3 za 2 na wybrane akcesoria.
2022-02-21,Geo9,Promocja 3 za 2 na wybrane akcesoria.
2023-07-31,Geo9,Promocja 3 za 2 na wybrane akcesoria.
2021-08-30,Geo15,Promocja urodzinowa sklepu: -35% na wszystko przez 48h.
2023-02-27,Geo1,Rabat -10% na całe zamówienie dla zalogowanych użytkowników.
2021-11-22,Geo1,Rabat -10% na całe zamówienie dla zalogowanych użytkowników.
2022-01-17,Geo10,Rabat -10% na całe zamówienie dla zalogowanych użytkowników.
2021-09-27,Geo10,Rabat -10% na całe zamówienie dla zalogowanych użytkowników.
2022-01-17,Geo11,Rabat -10% na całe zamówienie dla zalogowanych użytkowników.
2023-08-28,Geo14,Rabat -10% na całe zamówienie dla zalogowanych użytkowników.
2022-08-01,Geo14,Rabat -10% na całe zamówienie dla zalogowanych użytkowników.
2022-11-07,Geo15,Rabat -10% na całe zamówienie dla zalogowanych użytkowników.
2021-10-18,Geo2,Rabat -10% na całe zamówienie dla zalogowanych użytkowników.
2021-11-15,Geo21,Rabat -10% na całe zamówienie dla zalogowanych użytkowników.
2022-08-22,Geo21,Rabat -10% na całe zamówienie dla zalogowanych użytkowników.
2023-07-17,Geo23,Rabat -10% na całe zamówienie dla zalogowanych użytkowników.
2022-10-10,Geo24,Rabat -10% na całe zamówienie dla zalogowanych użytkowników.
2023-11-27,Geo27,Rabat -10% na całe zamówienie dla zalogowanych użytkowników.
2021-09-20,Geo27,Rabat -10% na całe zamówienie dla zalogowanych użytkowników.
2023-09-18,Geo27,Rabat -10% na całe zamówienie dla zalogowanych użytkowników.
2022-01-03,Geo31,Rabat -10% na całe zamówienie dla zalogowanych użytkowników.
2022-10-10,Geo33,Rabat -10% na całe zamówienie dla zalogowanych użytkowników.
2023-08-28,Geo33,Rabat -10% na całe zamówienie dla zalogowanych użytkowników.
2023-11-06,Geo35,Rabat -10% na całe zamówienie dla zalogowanych użytkowników.
2023-07-10,Geo35,Rabat -10% na całe zamówienie dla zalogowanych użytkowników.
2023-09-25,Geo36,Rabat -10% na całe zamówienie dla zalogowanych użytkowników.
2022-06-06,Geo4,Rabat -10% na całe zamówienie dla zalogowanych użytkowników.
2021-06-21,Geo6,Rabat -10% na całe zamówienie dla zalogowanych użytkowników.
2023-08-28,Geo6,Rabat -10% na całe zamówienie dla zalogowanych użytkowników.
2021-06-28,Geo9,Rabat -10% na całe zamówienie dla zalogowanych użytkowników.
2023-12-04,Geo11,Rabat -10% na całe zamówienie w aplikacji mobilnej.
2022-05-23,Geo11,Rabat -10% na całe zamówienie w aplikacji mobilnej.
2022-12-12,Geo14,Rabat -10% na całe zamówienie w aplikacji mobilnej.
2021-04-12,Geo15,Rabat -10% na całe zamówienie w aplikacji mobilnej.
2022-07-11,Geo18,Rabat -10% na całe zamówienie w aplikacji mobilnej.
2021-12-06,Geo18,Rabat -10% na całe zamówienie w aplikacji mobilnej.
2023-01-09,Geo19,Rabat -10% na całe zamówienie w aplikacji mobilnej.
2022-07-18,Geo19,Rabat -10% na całe zamówienie w aplikacji mobilnej.
2022-04-25,Geo2,Rabat -10% na całe zamówienie w aplikacji mobilnej.
2022-05-23,Geo23,Rabat -10% na całe zamówienie w aplikacji mobilnej.
2021-07-19,Geo23,Rabat -10% na całe zamówienie w aplikacji mobilnej.
2022-06-13,Geo23,Rabat -10% na całe zamówienie w aplikacji mobilnej.
2023-09-04,Geo23,Rabat -10% na całe zamówienie w aplikacji mobilnej.
2023-01-02,Geo25,Rabat -10% na całe zamówienie w aplikacji mobilnej.
2021-08-30,Geo27,Rabat -10% na całe zamówienie w aplikacji mobilnej.
2022-01-10,Geo27,Rabat -10% na całe zamówienie w aplikacji mobilnej.
2021-03-01,Geo27,Rabat -10% na całe zamówienie w aplikacji mobilnej.
2021-06-21,Geo28,Rabat -10% na całe zamówienie w aplikacji mobilnej.
2022-08-08,Geo29,Rabat -10% na całe zamówienie w aplikacji mobilnej.
2021-05-17,Geo29,Rabat -10% na całe zamówienie w aplikacji mobilnej.
2022-12-26,Geo3,Rabat -10% na całe zamówienie w aplikacji mobilnej.
2022-04-25,Geo30,Rabat -10% na całe zamówienie w aplikacji mobilnej.
2023-11-27,Geo35,Rabat -10% na całe zamówienie w aplikacji mobilnej.
2022-04-25,Geo35,Rabat -10% na całe zamówienie w aplikacji mobilnej.
2022-03-14,Geo37,Rabat -10% na całe zamówienie w aplikacji mobilnej.
2023-04-10,Geo5,Rabat -10% na całe zamówienie w aplikacji mobilnej.
2023-05-15,Geo6,Rabat -10% na całe zamówienie w aplikacji mobilnej.
2024-01-01,Geo6,Rabat -10% na całe zamówienie w aplikacji mobilnej.
2022-09-12,Geo6,Rabat -10% na całe zamówienie w aplikacji mobilnej.
2021-07-05,Geo6,Rabat -10% na całe zamówienie w aplikacji mobilnej.
2022-11-21,Geo8,Rabat -10% na całe zamówienie w aplikacji mobilnej.
2021-09-13,Geo8,Rabat -10% na całe zamówienie w aplikacji mobilnej.
2023-11-27,Geo8,Rabat -10% na całe zamówienie w aplikacji mobilnej.
2021-11-08,Geo9,Rabat -10% na całe zamówienie w aplikacji mobilnej.
2021-02-08,Geo0,Rabat -10% na cały asortyment w godzinach 12:00-15:00.
2021-02-15,Geo10,Rabat -10% na cały asortyment w godzinach 12:00-15:00.
2023-02-13,Geo12,Rabat -10% na cały asortyment w godzinach 12:00-15:00.
2021-02-08,Geo13,Rabat -10% na cały asortyment w godzinach 12:00-15:00.
2023-08-21,Geo16,Rabat -10% na cały asortyment w godzinach 12:00-15:00.
2022-01-03,Geo16,Rabat -10% na cały asortyment w godzinach 12:00-15:00.
2023-11-20,Geo18,Rabat -10% na cały asortyment w godzinach 12:00-15:00.
2022-12-19,Geo19,Rabat -10% na cały asortyment w godzinach 12:00-15:00.
2023-10-09,Geo21,Rabat -10% na cały asortyment w godzinach 12:00-15:00.
2022-04-11,Geo21,Rabat -10% na cały asortyment w godzinach 12:00-15:00.
2021-03-29,Geo22,Rabat -10% na cały asortyment w godzinach 12:00-15:00.
2022-02-14,Geo22,Rabat -10% na cały asortyment w godzinach 12:00-15:00.
2023-04-10,Geo23,Rabat -10% na cały asortyment w godzinach 12:00-15:00.
2021-11-15,Geo24,Rabat -10% na cały asortyment w godzinach 12:00-15:00.
2022-11-21,Geo25,Rabat -10% na cały asortyment w godzinach 12:00-15:00.
2022-05-02,Geo26,Rabat -10% na cały asortyment w godzinach 12:00-15:00.
2021-12-06,Geo27,Rabat -10% na cały asortyment w godzinach 12:00-15:00.
2022-08-15,Geo27,Rabat -10% na cały asortyment w godzinach 12:00-15:00.
2021-04-05,Geo27,Rabat -10% na cały asortyment w godzinach 12:00-15:00.
2022-04-04,Geo3,Rabat -10% na cały asortyment w godzinach 12:00-15:00.
2023-01-23,Geo31,Rabat -10% na cały asortyment w godzinach 12:00-15:00.
2022-08-22,Geo32,Rabat -10% na cały asortyment w godzinach 12:00-15:00.
2023-09-25,Geo34,Rabat -10% na cały asortyment w godzinach 12:00-15:00.
2021-02-08,Geo35,Rabat -10% na cały asortyment w godzinach 12:00-15:00.
2023-12-25,Geo35,Rabat -10% na cały asortyment w godzinach 12:00-15:00.
2022-03-28,Geo36,Rabat -10% na cały asortyment w godzinach 12:00-15:00.
2021-12-06,Geo39,Rabat -10% na cały asortyment w godzinach 12:00-15:00.
2021-03-29,Geo5,Rabat -10% na cały asortyment w godzinach 12:00-15:00.
2023-11-20,Geo5,Rabat -10% na cały asortyment w godzinach 12:00-15:00.
2023-09-18,Geo5,Rabat -10% na cały asortyment w godzinach 12:00-15:00.
2023-02-06,Geo5,Rabat -10% na cały asortyment w godzinach 12:00-15:00.
2022-05-23,Geo6,Rabat -10% na cały asortyment w godzinach 12:00-15:00.
2023-03-06,Geo0,"Rabat -10% na produkty jednej, wybranej marki."
2021-03-29,Geo1,"Rabat -10% na produkty jednej, wybranej marki."
2021-10-18,Geo11,"Rabat -10% na produkty jednej, wybranej marki."
2022-03-14,Geo12,"Rabat -10% na produkty jednej, wybranej marki."
2023-05-29,Geo13,"Rabat -10% na produkty jednej, wybranej marki."
2021-08-23,Geo14,"Rabat -10% na produkty jednej, wybranej marki."
2021-05-10,Geo14,"Rabat -10% na produkty jednej, wybranej marki."
2022-01-17,Geo15,"Rabat -10% na produkty jednej, wybranej marki."
2023-10-02,Geo15,"Rabat -10% na produkty jednej, wybranej marki."
2021-02-15,Geo15,"Rabat -10% na produkty jednej, wybranej marki."
2022-05-16,Geo15,"Rabat -10% na produkty jednej, wybranej marki."
2023-06-19,Geo17,"Rabat -10% na produkty jednej, wybranej marki."
2023-02-13,Geo17,"Rabat -10% na produkty jednej, wybranej marki."
2022-07-04,Geo18,"Rabat -10% na produkty jednej, wybranej marki."
2022-09-19,Geo20,"Rabat -10% na produkty jednej, wybranej marki."
2021-04-19,Geo20,"Rabat -10% na produkty jednej, wybranej marki."
2022-10-10,Geo20,"Rabat -10% na produkty jednej, wybranej marki."
2023-07-31,Geo21,"Rabat -10% na produkty jednej, wybranej marki."
2021-01-25,Geo22,"Rabat -10% na produkty jednej, wybranej marki."
2022-09-26,Geo22,"Rabat -10% na produkty jednej, wybranej marki."
2021-08-23,Geo23,"Rabat -10% na produkty jednej, wybranej marki."
2022-06-27,Geo23,"Rabat -10% na produkty jednej, wybranej marki."
2023-11-13,Geo26,"Rabat -10% na produkty jednej, wybranej marki."
2021-05-17,Geo27,"Rabat -10% na produkty jednej, wybranej marki."
2022-02-21,Geo27,"Rabat -10% na produkty jednej, wybranej marki."
2023-11-27,Geo28,"Rabat -10% na produkty jednej, wybranej marki."
2023-03-13,Geo3,"Rabat -10% na produkty jednej, wybranej marki."
2021-11-29,Geo31,"Rabat -10% na produkty jednej, wybranej marki."
2021-11-22,Geo31,"Rabat -10% na produkty jednej, wybranej marki."
2023-10-09,Geo33,"Rabat -10% na produkty jednej, wybranej marki."
2021-08-02,Geo35,"Rabat -10% na produkty jednej, wybranej marki."
2022-04-04,Geo36,"Rabat -10% na produkty jednej, wybranej marki."
2023-10-23,Geo36,"Rabat -10% na produkty jednej, wybranej marki."
2022-05-16,Geo38,"Rabat -10% na produkty jednej, wybranej marki."
2023-07-03,Geo38,"Rabat -10% na produkty jednej, wybranej marki."
2023-12-11,Geo39,"Rabat -10% na produkty jednej, wybranej marki."
2022-11-07,Geo39,"Rabat -10% na produkty jednej, wybranej marki."
2022-11-07,Geo5,"Rabat -10% na produkty jednej, wybranej marki."
2021-02-22,Geo6,"Rabat -10% na produkty jednej, wybranej marki."
2022-11-28,Geo7,"Rabat -10% na produkty jednej, wybranej marki."
2022-01-24,Geo8,"Rabat -10% na produkty jednej, wybranej marki."
2022-11-28,Geo9,"Rabat -10% na produkty jednej, wybranej marki."
2022-10-10,Geo12,"Rabat -10% na produkty oznaczone jako ""eko""."
2023-10-09,Geo14,"Rabat -10% na produkty oznaczone jako ""eko""."
2022-08-15,Geo14,"Rabat -10% na produkty oznaczone jako ""eko""."
2022-09-12,Geo15,"Rabat -10% na produkty oznaczone jako ""eko""."
2023-02-27,Geo16,"Rabat -10% na produkty oznaczone jako ""eko""."
2022-08-01,Geo16,"Rabat -10% na produkty oznaczone jako ""eko""."
2022-12-12,Geo16,"Rabat -10% na produkty oznaczone jako ""eko""."
2023-11-13,Geo18,"Rabat -10% na produkty oznaczone jako ""eko""."
2022-01-24,Geo18,"Rabat -10% na produkty oznaczone jako ""eko""."
2021-12-06,Geo19,"Rabat -10% na produkty oznaczone jako ""eko""."
2021-04-26,Geo20,"Rabat -10% na produkty oznaczone jako ""eko""."
2022-12-26,Geo20,"Rabat -10% na produkty oznaczone jako ""eko""."
2021-07-12,Geo20,"Rabat -10% na produkty oznaczone jako ""eko""."
2023-03-27,Geo20,"Rabat -10% na produkty oznaczone jako ""eko""."
2022-07-25,Geo21,"Rabat -10% na produkty oznaczone jako ""eko""."
2022-05-02,Geo21,"Rabat -10% na produkty oznaczone jako ""eko""."
2022-02-07,Geo21,"Rabat -10% na produkty oznaczone jako ""eko""."
2022-03-21,Geo23,"Rabat -10% na produkty oznaczone jako ""eko""."
2022-08-01,Geo24,"Rabat -10% na produkty oznaczone jako ""eko""."
2021-01-25,Geo24,"Rabat -10% na produkty oznaczone jako ""eko""."
2021-04-12,Geo25,"Rabat -10% na produkty oznaczone jako ""eko""."
2023-04-03,Geo25,"Rabat -10% na produkty oznaczone jako ""eko""."
2023-05-29,Geo28,"Rabat -10% na produkty oznaczone jako ""eko""."
2023-10-16,Geo30,"Rabat -10% na produkty oznaczone jako ""eko""."
2022-06-06,Geo31,"Rabat -10% na produkty oznaczone jako ""eko""."
2022-06-13,Geo32,"Rabat -10% na produkty oznaczone jako ""eko""."
2022-03-28,Geo32,"Rabat -10% na produkty oznaczone jako ""eko""."
2022-04-04,Geo34,"Rabat -10% na produkty oznaczone jako ""eko""."
2023-05-15,Geo35,"Rabat -10% na produkty oznaczone jako ""eko""."
2023-08-28,Geo35,"Rabat -10% na produkty oznaczone jako ""eko""."
2023-05-22,Geo37,"Rabat -10% na produkty oznaczone jako ""eko""."
2023-04-24,Geo37,"Rabat -10% na produkty oznaczone jako ""eko""."
2021-11-08,Geo38,"Rabat -10% na produkty oznaczone jako ""eko""."
2023-06-26,Geo39,"Rabat -10% na produkty oznaczone jako ""eko""."
2021-02-15,Geo4,"Rabat -10% na produkty oznaczone jako ""eko""."
2022-10-17,Geo5,"Rabat -10% na produkty oznaczone jako ""eko""."
2024-01-08,Geo5,"Rabat -10% na produkty oznaczone jako ""eko""."
2021-04-19,Geo6,"Rabat -10% na produkty oznaczone jako ""eko""."
2023-04-10,Geo7,"Rabat -10% na produkty oznaczone jako ""eko""."
2023-06-12,Geo8,"Rabat -10% na produkty oznaczone jako ""eko""."
2023-01-30,Geo9,"Rabat -10% na produkty oznaczone jako ""eko""."
2021-03-29,Geo0,Rabat -10% na wszystkie produkty z nowej kolekcji.
2021-09-13,Geo10,Rabat -10% na wszystkie produkty z nowej kolekcji.
2024-01-08,Geo13,Rabat -10% na wszystkie produkty z nowej kolekcji.
2023-01-02,Geo16,Rabat -10% na wszystkie produkty z nowej kolekcji.
2023-07-31,Geo18,Rabat -10% na wszystkie produkty z nowej kolekcji.
2022-07-04,Geo19,Rabat -10% na wszystkie produkty z nowej kolekcji.
2022-08-01,Geo19,Rabat -10% na wszystkie produkty z nowej kolekcji.
2022-04-04,Geo19,Rabat -10% na wszystkie produkty z nowej kolekcji.
2023-01-09,Geo20,Rabat -10% na wszystkie produkty z nowej kolekcji.
2022-08-15,Geo21,Rabat -10% na wszystkie produkty z nowej kolekcji.
2021-02-08,Geo26,Rabat -10% na wszystkie produkty z nowej kolekcji.
2021-06-28,Geo29,Rabat -10% na wszystkie produkty z nowej kolekcji.
2022-07-25,Geo29,Rabat -10% na wszystkie produkty z nowej kolekcji.
2022-03-21,Geo29,Rabat -10% na wszystkie produkty z nowej kolekcji.
2023-04-10,Geo29,Rabat -10% na wszystkie produkty z nowej kolekcji.
2021-12-27,Geo3,Rabat -10% na wszystkie produkty z nowej kolekcji.
2021-02-22,Geo30,Rabat -10% na wszystkie produkty z nowej kolekcji.
2023-02-27,Geo31,Rabat -10% na wszystkie produkty z nowej kolekcji.
2023-09-25,Geo32,Rabat -10% na wszystkie produkty z nowej kolekcji.
2023-06-26,Geo33,Rabat -10% na wszystkie produkty z nowej kolekcji.
2022-01-10,Geo35,Rabat -10% na wszystkie produkty z nowej kolekcji.
2021-05-17,Geo38,Rabat -10% na wszystkie produkty z nowej kolekcji.
2022-05-02,Geo5,Rabat -10% na wszystkie produkty z nowej kolekcji.
2023-07-17,Geo5,Rabat -10% na wszystkie produkty z nowej kolekcji.
2023-06-26,Geo8,Rabat -10% na wszystkie produkty z nowej kolekcji.
2023-04-10,Geo8,Rabat -10% na wszystkie produkty z nowej kolekcji.
2023-09-25,Geo9,Rabat -10% na wszystkie produkty z nowej kolekcji.
2023-03-20,Geo0,Rabat -10% na wybrane produkty z kategorii Outlet.
2022-08-15,Geo0,Rabat -10% na wybrane produkty z kategorii Outlet.
2023-11-27,Geo10,Rabat -10% na wybrane produkty z kategorii Outlet.
2021-12-13,Geo10,Rabat -10% na wybrane produkty z kategorii Outlet.
2022-02-07,Geo13,Rabat -10% na wybrane produkty z kategorii Outlet.
2021-12-06,Geo13,Rabat -10% na wybrane produkty z kategorii Outlet.
2022-05-09,Geo15,Rabat -10% na wybrane produkty z kategorii Outlet.
2022-03-28,Geo17,Rabat -10% na wybrane produkty z kategorii Outlet.
2021-05-31,Geo17,Rabat -10% na wybrane produkty z kategorii Outlet.
2022-03-21,Geo17,Rabat -10% na wybrane produkty z kategorii Outlet.
2022-01-24,Geo17,Rabat -10% na wybrane produkty z kategorii Outlet.
2023-01-09,Geo18,Rabat -10% na wybrane produkty z kategorii Outlet.
2022-07-25,Geo19,Rabat -10% na wybrane produkty z kategorii Outlet.
2021-05-24,Geo2,Rabat -10% na wybrane produkty z kategorii Outlet.
2023-05-15,Geo2,Rabat -10% na wybrane produkty z kategorii Outlet.
2021-09-06,Geo21,Rabat -10% na wybrane produkty z kategorii Outlet.
2021-03-22,Geo22,Rabat -10% na wybrane produkty z kategorii Outlet.
2023-11-06,Geo23,Rabat -10% na wybrane produkty z kategorii Outlet.
2022-11-21,Geo23,Rabat -10% na wybrane produkty z kategorii Outlet.
2021-06-21,Geo23,Rabat -10% na wybrane produkty z kategorii Outlet.
2023-11-27,Geo24,Rabat -10% na wybrane produkty z kategorii Outlet.
2022-02-28,Geo26,Rabat -10% na wybrane produkty z kategorii Outlet.
2023-04-24,Geo27,Rabat -10% na wybrane produkty z kategorii Outlet.
2021-09-27,Geo27,Rabat -10% na wybrane produkty z kategorii Outlet.
2022-09-05,Geo3,Rabat -10% na wybrane produkty z kategorii Outlet.
2022-09-19,Geo3,Rabat -10% na wybrane produkty z kategorii Outlet.
2023-02-27,Geo3,Rabat -10% na wybrane produkty z kategorii Outlet.
2023-07-10,Geo31,Rabat -10% na wybrane produkty z kategorii Outlet.
2023-10-09,Geo32,Rabat -10% na wybrane produkty z kategorii Outlet.
2021-04-19,Geo33,Rabat -10% na wybrane produkty z kategorii Outlet.
2023-10-30,Geo33,Rabat -10% na wybrane produkty z kategorii Outlet.
2022-09-19,Geo33,Rabat -10% na wybrane produkty z kategorii Outlet.
2024-01-08,Geo34,Rabat -10% na wybrane produkty z kategorii Outlet.
2021-04-19,Geo34,Rabat -10% na wybrane produkty z kategorii Outlet.
2022-01-24,Geo34,Rabat -10% na wybrane produkty z kategorii Outlet.
2022-06-06,Geo35,Rabat -10% na wybrane produkty z kategorii Outlet.
2021-11-01,Geo35,Rabat -10% na wybrane produkty z kategorii Outlet.
2021-12-06,Geo35,Rabat -10% na wybrane produkty z kategorii Outlet.
2023-11-20,Geo35,Rabat -10% na wybrane produkty z kategorii Outlet.
2021-02-01,Geo36,Rabat -10% na wybrane produkty z kategorii Outlet.
2023-06-26,Geo37,Rabat -10% na wybrane produkty z kategorii Outlet.
2023-08-21,Geo38,Rabat -10% na wybrane produkty z kategorii Outlet.
2023-04-03,Geo38,Rabat -10% na wybrane produkty z kategorii Outlet.
2022-09-19,Geo38,Rabat -10% na wybrane produkty z kategorii Outlet.
2021-10-11,Geo4,Rabat -10% na wybrane produkty z kategorii Outlet.
2021-05-10,Geo5,Rabat -10% na wybrane produkty z kategorii Outlet.
2022-08-29,Geo5,Rabat -10% na wybrane produkty z kategorii Outlet.
2021-01-25,Geo6,Rabat -10% na wybrane produkty z kategorii Outlet.
2021-06-07,Geo6,Rabat -10% na wybrane produkty z kategorii Outlet.
2022-06-06,Geo6,Rabat -10% na wybrane produkty z kategorii Outlet.
2021-11-08,Geo6,Rabat -10% na wybrane produkty z kategorii Outlet.
2021-04-19,Geo7,Rabat -10% na wybrane produkty z kategorii Outlet.
2023-01-02,Geo9,Rabat -10% na wybrane produkty z kategorii Outlet.
2023-04-10,Geo11,Rabat -12% na cały asortyment przez 24h.
2021-11-15,Geo14,Rabat -12% na cały asortyment przez 24h.
2024-01-01,Geo14,Rabat -12% na cały asortyment przez 24h.
2023-10-23,Geo16,Rabat -12% na cały asortyment przez 24h.
2022-10-24,Geo18,Rabat -12% na cały asortyment przez 24h.
2021-02-08,Geo20,Rabat -12% na cały asortyment przez 24h.
2023-07-24,Geo21,Rabat -12% na cały asortyment przez 24h.
2023-09-11,Geo21,Rabat -12% na cały asortyment przez 24h.
2021-11-22,Geo23,Rabat -12% na cały asortyment przez 24h.
2021-12-20,Geo36,Rabat -12% na cały asortyment przez 24h.
2022-10-10,Geo37,Rabat -12% na cały asortyment przez 24h.
2022-09-26,Geo37,Rabat -12% na cały asortyment przez 24h.
2023-09-25,Geo38,Rabat -12% na cały asortyment przez 24h.
2023-01-09,Geo38,Rabat -12% na cały asortyment przez 24h.
2023-11-06,Geo38,Rabat -12% na cały asortyment przez 24h.
2022-05-30,Geo5,Rabat -12% na cały asortyment przez 24h.
2023-08-14,Geo7,Rabat -12% na cały asortyment przez 24h.
2022-07-11,Geo8,Rabat -12% na cały asortyment przez 24h.
2023-12-18,Geo8,Rabat -12% na cały asortyment przez 24h.
2022-08-22,Geo9,Rabat -12% na cały asortyment przez 24h.
2022-03-07,Geo10,Rabat -12% na całą kategorię nowości.
2022-11-07,Geo11,Rabat -12% na całą kategorię nowości.
2021-10-11,Geo12,Rabat -12% na całą kategorię nowości.
2023-02-13,Geo14,Rabat -12% na całą kategorię nowości.
2022-03-14,Geo16,Rabat -12% na całą kategorię nowości.
2022-08-15,Geo17,Rabat -12% na całą kategorię nowości.
2022-06-06,Geo17,Rabat -12% na całą kategorię nowości.
2021-08-16,Geo18,Rabat -12% na całą kategorię nowości.
2021-05-31,Geo19,Rabat -12% na całą kategorię nowości.
2022-06-13,Geo2,Rabat -12% na całą kategorię nowości.
2023-10-09,Geo2,Rabat -12% na całą kategorię nowości.
2021-11-22,Geo20,Rabat -12% na całą kategorię nowości.
2023-04-03,Geo22,Rabat -12% na całą kategorię nowości.
2022-10-17,Geo23,Rabat -12% na całą kategorię nowości.
2022-05-02,Geo24,Rabat -12% na całą kategorię nowości.
2022-05-30,Geo25,Rabat -12% na całą kategorię nowości.
2021-03-22,Geo30,Rabat -12% na całą kategorię nowości.
2023-07-31,Geo31,Rabat -12% na całą kategorię nowości.
2022-07-18,Geo32,Rabat -12% na całą kategorię nowości.
2023-05-08,Geo32,Rabat -12% na całą kategorię nowości.
2023-08-14,Geo34,Rabat -12% na całą kategorię nowości.
2021-12-20,Geo34,Rabat -12% na całą kategorię nowości.
2023-01-23,Geo35,Rabat -12% na całą kategorię nowości.
2022-03-28,Geo35,Rabat -12% na całą kategorię nowości.
2021-07-19,Geo36,Rabat -12% na całą kategorię nowości.
2023-07-10,Geo36,Rabat -12% na całą kategorię nowości.
2021-10-04,Geo37,Rabat -12% na całą kategorię nowości.
2023-11-20,Geo37,Rabat -12% na całą kategorię nowości.
2023-04-03,Geo37,Rabat -12% na całą kategorię nowości.
2022-01-03,Geo39,Rabat -12% na całą kategorię nowości.
2023-09-25,Geo39,Rabat -12% na całą kategorię nowości.
2021-05-17,Geo39,Rabat -12% na całą kategorię nowości.
2021-11-29,Geo5,Rabat -12% na całą kategorię nowości.
2023-12-18,Geo5,Rabat -12% na całą kategorię nowości.
2023-12-11,Geo5,Rabat -12% na całą kategorię nowości.
2023-08-07,Geo7,Rabat -12% na całą kategorię nowości.
2023-10-16,Geo7,Rabat -12% na całą kategorię nowości.
2022-03-28,Geo7,Rabat -12% na całą kategorię nowości.
2022-04-04,Geo8,Rabat -12% na całą kategorię nowości.
2022-06-06,Geo8,Rabat -12% na całą kategorię nowości.
2024-01-15,Geo9,Rabat -12% na całą kategorię nowości.
2022-04-18,Geo0,Rabat -15% na cały asortyment w godzinach wieczornych (20-24).
2021-11-08,Geo10,Rabat -15% na cały asortyment w godzinach wieczornych (20-24).
2022-09-05,Geo15,Rabat -15% na cały asortyment w godzinach wieczornych (20-24).
2022-10-17,Geo15,Rabat -15% na cały asortyment w godzinach wieczornych (20-24).
2023-03-13,Geo19,Rabat -15% na cały asortyment w godzinach wieczornych (20-24).
2023-06-26,Geo20,Rabat -15% na cały asortyment w godzinach wieczornych (20-24).
2022-09-26,Geo21,Rabat -15% na cały asortyment w godzinach wieczornych (20-24).
2022-08-01,Geo23,Rabat -15% na cały asortyment w godzinach wieczornych (20-24).
2023-02-20,Geo24,Rabat -15% na cały asortyment w godzinach wieczornych (20-24).
2023-01-09,Geo29,Rabat -15% na cały asortyment w godzinach wieczornych (20-24).
2021-06-28,Geo3,Rabat -15% na cały asortyment w godzinach wieczornych (20-24).
2023-05-29,Geo36,Rabat -15% na cały asortyment w godzinach wieczornych (20-24).
2021-05-17,Geo37,Rabat -15% na cały asortyment w godzinach wieczornych (20-24).
2023-05-29,Geo38,Rabat -15% na cały asortyment w godzinach wieczornych (20-24).
2022-07-11,Geo4,Rabat -15% na cały asortyment w godzinach wieczornych (20-24).
2023-11-13,Geo7,Rabat -15% na cały asortyment w godzinach wieczornych (20-24).
2022-01-03,Geo8,Rabat -15% na cały asortyment w godzinach wieczornych (20-24).
2021-03-22,Geo0,Rabat -15% na całą kategorię bestsellerów.
2023-10-23,Geo11,Rabat -15% na całą kategorię bestsellerów.
2021-06-28,Geo13,Rabat -15% na całą kategorię bestsellerów.
2022-03-14,Geo14,Rabat -15% na całą kategorię bestsellerów.
2022-01-17,Geo16,Rabat -15% na całą kategorię bestsellerów.
2022-12-12,Geo18,Rabat -15% na całą kategorię bestsellerów.
2022-06-20,Geo19,Rabat -15% na całą kategorię bestsellerów.
2022-12-05,Geo20,Rabat -15% na całą kategorię bestsellerów.
2023-10-23,Geo20,Rabat -15% na całą kategorię bestsellerów.
2022-07-04,Geo20,Rabat -15% na całą kategorię bestsellerów.
2023-11-06,Geo21,Rabat -15% na całą kategorię bestsellerów.
2022-07-04,Geo21,Rabat -15% na całą kategorię bestsellerów.
2022-06-13,Geo21,Rabat -15% na całą kategorię bestsellerów.
2022-12-12,Geo24,Rabat -15% na całą kategorię bestsellerów.
2022-09-26,Geo25,Rabat -15% na całą kategorię bestsellerów.
2022-09-12,Geo28,Rabat -15% na całą kategorię bestsellerów.
2023-05-29,Geo32,Rabat -15% na całą kategorię bestsellerów.
2021-06-07,Geo35,Rabat -15% na całą kategorię bestsellerów.
2022-12-12,Geo36,Rabat -15% na całą kategorię bestsellerów.
2023-04-10,Geo38,Rabat -15% na całą kategorię bestsellerów.
2021-05-24,Geo4,Rabat -15% na całą kategorię bestsellerów.
2022-11-21,Geo6,Rabat -15% na całą kategorię bestsellerów.
2022-05-02,Geo1,Rabat -15% na najtańszy produkt w koszyku.
2022-05-16,Geo1,Rabat -15% na najtańszy produkt w koszyku.
2021-01-25,Geo10,Rabat -15% na najtańszy produkt w koszyku.
2023-09-25,Geo13,Rabat -15% na najtańszy produkt w koszyku.
2022-03-28,Geo13,Rabat -15% na najtańszy produkt w koszyku.
2022-02-21,Geo15,Rabat -15% na najtańszy produkt w koszyku.
2023-02-13,Geo15,Rabat -15% na najtańszy produkt w koszyku.
2023-09-11,Geo16,Rabat -15% na najtańszy produkt w koszyku.
2021-03-15,Geo16,Rabat -15% na najtańszy produkt w koszyku.
2021-05-17,Geo16,Rabat -15% na najtańszy produkt w koszyku.
2023-01-23,Geo17,Rabat -15% na najtańszy produkt w koszyku.
2021-09-27,Geo18,Rabat -15% na najtańszy produkt w koszyku.
2023-07-10,Geo18,Rabat -15% na najtańszy produkt w koszyku.
2022-12-05,Geo18,Rabat -15% na najtańszy produkt w koszyku.
2022-10-10,Geo18,Rabat -15% na najtańszy produkt w koszyku.
2021-03-29,Geo19,Rabat -15% na najtańszy produkt w koszyku.
2023-12-25,Geo19,Rabat -15% na najtańszy produkt w koszyku.
2021-07-05,Geo19,Rabat -15% na najtańszy produkt w koszyku.
2022-05-16,Geo19,Rabat -15% na najtańszy produkt w koszyku.
2021-08-16,Geo19,Rabat -15% na najtańszy produkt w koszyku.
2023-10-16,Geo20,Rabat -15% na najtańszy produkt w koszyku.
2022-09-05,Geo21,Rabat -15% na najtańszy produkt w koszyku.
2022-06-06,Geo23,Rabat -15% na najtańszy produkt w koszyku.
2022-05-02,Geo25,Rabat -15% na najtańszy produkt w koszyku.
2022-04-25,Geo26,Rabat -15% na najtańszy produkt w koszyku.
2021-05-10,Geo26,Rabat -15% na najtańszy produkt w koszyku.
2021-07-12,Geo26,Rabat -15% na najtańszy produkt w koszyku.
2022-02-07,Geo27,Rabat -15% na najtańszy produkt w koszyku.
2023-03-20,Geo29,Rabat -15% na najtańszy produkt w koszyku.
2022-12-05,Geo3,Rabat -15% na najtańszy produkt w koszyku.
2023-01-09,Geo3,Rabat -15% na najtańszy produkt w koszyku.
2023-12-25,Geo31,Rabat -15% na najtańszy produkt w koszyku.
2021-12-13,Geo32,Rabat -15% na najtańszy produkt w koszyku.
2023-10-23,Geo33,Rabat -15% na najtańszy produkt w koszyku.
2021-05-10,Geo34,Rabat -15% na najtańszy produkt w koszyku.
2022-01-17,Geo34,Rabat -15% na najtańszy produkt w koszyku.
2024-01-15,Geo35,Rabat -15% na najtańszy produkt w koszyku.
2023-10-16,Geo36,Rabat -15% na najtańszy produkt w koszyku.
2021-12-13,Geo37,Rabat -15% na najtańszy produkt w koszyku.
2022-05-30,Geo37,Rabat -15% na najtańszy produkt w koszyku.
2023-06-05,Geo38,Rabat -15% na najtańszy produkt w koszyku.
2022-11-28,Geo39,Rabat -15% na najtańszy produkt w koszyku.
2023-08-07,Geo4,Rabat -15% na najtańszy produkt w koszyku.
2021-08-30,Geo4,Rabat -15% na najtańszy produkt w koszyku.
2022-01-03,Geo5,Rabat -15% na najtańszy produkt w koszyku.
2023-06-05,Geo7,Rabat -15% na najtańszy produkt w koszyku.
2021-03-01,Geo7,Rabat -15% na najtańszy produkt w koszyku.
2021-12-27,Geo7,Rabat -15% na najtańszy produkt w koszyku.
2024-01-01,Geo9,Rabat -15% na najtańszy produkt w koszyku.
2021-09-27,Geo0,Rabat -15% na produkty z dwóch wybranych kategorii.
2023-03-13,Geo1,Rabat -15% na produkty z dwóch wybranych kategorii.
2022-02-14,Geo12,Rabat -15% na produkty z dwóch wybranych kategorii.
2022-12-26,Geo14,Rabat -15% na produkty z dwóch wybranych kategorii.
2023-02-06,Geo14,Rabat -15% na produkty z dwóch wybranych kategorii.
2021-07-19,Geo15,Rabat -15% na produkty z dwóch wybranych kategorii.
2022-10-31,Geo15,Rabat -15% na produkty z dwóch wybranych kategorii.
2021-02-08,Geo17,Rabat -15% na produkty z dwóch wybranych kategorii.
2022-09-26,Geo17,Rabat -15% na produkty z dwóch wybranych kategorii.
2023-05-15,Geo18,Rabat -15% na produkty z dwóch wybranych kategorii.
2022-12-26,Geo18,Rabat -15% na produkty z dwóch wybranych kategorii.
2022-11-14,Geo19,Rabat -15% na produkty z dwóch wybranych kategorii.
2023-05-22,Geo19,Rabat -15% na produkty z dwóch wybranych kategorii.
2021-03-22,Geo2,Rabat -15% na produkty z dwóch wybranych kategorii.
2021-08-09,Geo2,Rabat -15% na produkty z dwóch wybranych kategorii.
2022-10-24,Geo2,Rabat -15% na produkty z dwóch wybranych kategorii.
2023-10-23,Geo2,Rabat -15% na produkty z dwóch wybranych kategorii.
2022-05-23,Geo20,Rabat -15% na produkty z dwóch wybranych kategorii.
2023-04-03,Geo21,Rabat -15% na produkty z dwóch wybranych kategorii.
2023-05-15,Geo23,Rabat -15% na produkty z dwóch wybranych kategorii.
2022-07-18,Geo28,Rabat -15% na produkty z dwóch wybranych kategorii.
2023-10-16,Geo28,Rabat -15% na produkty z dwóch wybranych kategorii.
2022-06-20,Geo3,Rabat -15% na produkty z dwóch wybranych kategorii.
2023-09-18,Geo31,Rabat -15% na produkty z dwóch wybranych kategorii.
2022-08-29,Geo32,Rabat -15% na produkty z dwóch wybranych kategorii.
2021-12-27,Geo33,Rabat -15% na produkty z dwóch wybranych kategorii.
2021-08-23,Geo33,Rabat -15% na produkty z dwóch wybranych kategorii.
2021-04-05,Geo34,Rabat -15% na produkty z dwóch wybranych kategorii.
2023-11-13,Geo37,Rabat -15% na produkty z dwóch wybranych kategorii.
2023-03-27,Geo38,Rabat -15% na produkty z dwóch wybranych kategorii.
2023-07-10,Geo38,Rabat -15% na produkty z dwóch wybranych kategorii.
2021-06-07,Geo39,Rabat -15% na produkty z dwóch wybranych kategorii.
2023-08-14,Geo6,Rabat -15% na produkty z dwóch wybranych kategorii.
2022-10-03,Geo6,Rabat -15% na produkty z dwóch wybranych kategorii.
2021-12-13,Geo9,Rabat -15% na produkty z dwóch wybranych kategorii.
2021-08-23,Geo1,Rabat -15% na wszystko dla subskrybentów newslettera.
2022-12-19,Geo1,Rabat -15% na wszystko dla subskrybentów newslettera.
2021-11-29,Geo1,Rabat -15% na wszystko dla subskrybentów newslettera.
2023-04-17,Geo12,Rabat -15% na wszystko dla subskrybentów newslettera.
2022-05-30,Geo12,Rabat -15% na wszystko dla subskrybentów newslettera.
2022-06-20,Geo12,Rabat -15% na wszystko dla subskrybentów newslettera.
2023-11-13,Geo13,Rabat -15% na wszystko dla subskrybentów newslettera.
2023-10-23,Geo13,Rabat -15% na wszystko dla subskrybentów newslettera.
2023-12-25,Geo14,Rabat -15% na wszystko dla subskrybentów newslettera.
2022-09-26,Geo15,Rabat -15% na wszystko dla subskrybentów newslettera.
2021-11-08,Geo19,Rabat -15% na wszystko dla subskrybentów newslettera.
2024-01-15,Geo21,Rabat -15% na wszystko dla subskrybentów newslettera.
2022-07-18,Geo21,Rabat -15% na wszystko dla subskrybentów newslettera.
2021-06-28,Geo22,Rabat -15% na wszystko dla subskrybentów newslettera.
2023-11-20,Geo24,Rabat -15% na wszystko dla subskrybentów newslettera.
2021-11-15,Geo28,Rabat -15% na wszystko dla subskrybentów newslettera.
2022-11-21,Geo29,Rabat -15% na wszystko dla subskrybentów newslettera.
2023-05-22,Geo31,Rabat -15% na wszystko dla subskrybentów newslettera.
2021-12-06,Geo32,Rabat -15% na wszystko dla subskrybentów newslettera.
2021-02-22,Geo33,Rabat -15% na wszystko dla subskrybentów newslettera.
2023-10-23,Geo35,Rabat -15% na wszystko dla subskrybentów newslettera.
2021-08-30,Geo36,Rabat -15% na wszystko dla subskrybentów newslettera.
2022-10-03,Geo37,Rabat -15% na wszystko dla subskrybentów newslettera.
2021-04-19,Geo38,Rabat -15% na wszystko dla subskrybentów newslettera.
2023-02-06,Geo38,Rabat -15% na wszystko dla subskrybentów newslettera.
2023-10-30,Geo39,Rabat -15% na wszystko dla subskrybentów newslettera.
2023-08-07,Geo8,Rabat -15% na wszystko dla subskrybentów newslettera.
2022-06-20,Geo9,Rabat -15% na wszystko dla subskrybentów newslettera.
2022-10-24,Geo11,Rabat -15% na zamówienia powyżej 200 zł.
2022-11-21,Geo15,Rabat -15% na zamówienia powyżej 200 zł.
2023-05-01,Geo18,Rabat -15% na zamówienia powyżej 200 zł.
2022-05-30,Geo19,Rabat -15% na zamówienia powyżej 200 zł.
2023-05-15,Geo24,Rabat -15% na zamówienia powyżej 200 zł.
2022-07-18,Geo24,Rabat -15% na zamówienia powyżej 200 zł.
2022-11-07,Geo26,Rabat -15% na zamówienia powyżej 200 zł.
2023-07-24,Geo26,Rabat -15% na zamówienia powyżej 200 zł.
2021-10-11,Geo27,Rabat -15% na zamówienia powyżej 200 zł.
2023-06-05,Geo30,Rabat -15% na zamówienia powyżej 200 zł.
2022-11-07,Geo31,Rabat -15% na zamówienia powyżej 200 zł.
2021-11-22,Geo33,Rabat -15% na zamówienia powyżej 200 zł.
2022-07-04,Geo33,Rabat -15% na zamówienia powyżej 200 zł.
2022-04-25,Geo33,Rabat -15% na zamówienia powyżej 200 zł.
2023-05-08,Geo35,Rabat -15% na zamówienia powyżej 200 zł.
2021-04-19,Geo35,Rabat -15% na zamówienia powyżej 200 zł.
2022-10-24,Geo36,Rabat -15% na zamówienia powyżej 200 zł.
2022-10-10,Geo36,Rabat -15% na zamówienia powyżej 200 zł.
2023-09-11,Geo36,Rabat -15% na zamówienia powyżej 200 zł.
2022-07-18,Geo4,Rabat -15% na zamówienia powyżej 200 zł.
2021-05-31,Geo7,Rabat -15% na zamówienia powyżej 200 zł.
2023-10-23,Geo7,Rabat -15% na zamówienia powyżej 200 zł.
2022-09-19,Geo9,Rabat -15% na zamówienia powyżej 200 zł.
2022-11-21,Geo9,Rabat -15% na zamówienia powyżej 200 zł.
2021-10-18,Geo1,Rabat -18% na cały asortyment dla członków klubu lojalnościowego.
2022-12-19,Geo13,Rabat -18% na cały asortyment dla członków klubu lojalnościowego.
2021-03-22,Geo17,Rabat -18% na cały asortyment dla członków klubu lojalnościowego.
2023-07-03,Geo19,Rabat -18% na cały asortyment dla członków klubu lojalnościowego.
2023-04-10,Geo22,Rabat -18% na cały asortyment dla członków klubu lojalnościowego.
2022-06-13,Geo24,Rabat -18% na cały asortyment dla członków klubu lojalnościowego.
2023-08-14,Geo28,Rabat -18% na cały asortyment dla członków klubu lojalnościowego.
2021-12-13,Geo30,Rabat -18% na cały asortyment dla członków klubu lojalnościowego.
2021-08-30,Geo32,Rabat -18% na cały asortyment dla członków klubu lojalnościowego.
2022-12-12,Geo33,Rabat -18% na cały asortyment dla członków klubu lojalnościowego.
2022-10-03,Geo34,Rabat -18% na cały asortyment dla członków klubu lojalnościowego.
2021-10-18,Geo37,Rabat -18% na cały asortyment dla członków klubu lojalnościowego.
2023-05-29,Geo39,Rabat -18% na cały asortyment dla członków klubu lojalnościowego.
2023-04-10,Geo1,Rabat -20% na całe zamówienie po przekroczeniu progu 250 zł.
2023-10-23,Geo14,Rabat -20% na całe zamówienie po przekroczeniu progu 250 zł.
2023-05-22,Geo17,Rabat -20% na całe zamówienie po przekroczeniu progu 250 zł.
2021-05-17,Geo17,Rabat -20% na całe zamówienie po przekroczeniu progu 250 zł.
2021-12-13,Geo2,Rabat -20% na całe zamówienie po przekroczeniu progu 250 zł.
2021-12-27,Geo24,Rabat -20% na całe zamówienie po przekroczeniu progu 250 zł.
2023-12-11,Geo3,Rabat -20% na całe zamówienie po przekroczeniu progu 250 zł.
2021-07-05,Geo31,Rabat -20% na całe zamówienie po przekroczeniu progu 250 zł.
2023-10-02,Geo31,Rabat -20% na całe zamówienie po przekroczeniu progu 250 zł.
2023-08-07,Geo32,Rabat -20% na całe zamówienie po przekroczeniu progu 250 zł.
2022-10-17,Geo32,Rabat -20% na całe zamówienie po przekroczeniu progu 250 zł.
2021-07-12,Geo32,Rabat -20% na całe zamówienie po przekroczeniu progu 250 zł.
2023-05-15,Geo36,Rabat -20% na całe zamówienie po przekroczeniu progu 250 zł.
2021-02-15,Geo36,Rabat -20% na całe zamówienie po przekroczeniu progu 250 zł.
2022-06-27,Geo1,Rabat -20% na całą kolekcję sezonową.
2024-01-08,Geo15,Rabat -20% na całą kolekcję sezonową.
2023-12-11,Geo23,Rabat -20% na całą kolekcję sezonową.
2023-10-23,Geo24,Rabat -20% na całą kolekcję sezonową.
2023-06-05,Geo25,Rabat -20% na całą kolekcję sezonową.
2023-10-23,Geo26,Rabat -20% na całą kolekcję sezonową.
2023-08-21,Geo27,Rabat -20% na całą kolekcję sezonową.
2022-10-24,Geo34,Rabat -20% na całą kolekcję sezonową.
2022-08-29,Geo36,Rabat -20% na całą kolekcję sezonową.
2023-04-10,Geo37,Rabat -20% na całą kolekcję sezonową.
2021-07-05,Geo39,Rabat -20% na całą kolekcję sezonową.
2023-10-23,Geo9,Rabat -20% na całą kolekcję sezonową.
2022-10-03,Geo1,Rabat -20% na dwie dowolne kategorie produktów.
2022-07-11,Geo1,Rabat -20% na dwie dowolne kategorie produktów.
2021-12-27,Geo14,Rabat -20% na dwie dowolne kategorie produktów.
2023-11-13,Geo17,Rabat -20% na dwie dowolne kategorie produktów.
2022-11-14,Geo20,Rabat -20% na dwie dowolne kategorie produktów.
2023-12-25,Geo21,Rabat -20% na dwie dowolne kategorie produktów.
2023-07-10,Geo22,Rabat -20% na dwie dowolne kategorie produktów.
2022-07-04,Geo23,Rabat -20% na dwie dowolne kategorie produktów.
2022-03-28,Geo24,Rabat -20% na dwie dowolne kategorie produktów.
2022-10-17,Geo3,Rabat -20% na dwie dowolne kategorie produktów.
2021-03-29,Geo31,Rabat -20% na dwie dowolne kategorie produktów.
2021-03-22,Geo33,Rabat -20% na dwie dowolne kategorie produktów.
2021-12-20,Geo37,Rabat -20% na dwie dowolne kategorie produktów.
2022-05-16,Geo7,Rabat -20% na dwie dowolne kategorie produktów.
2023-09-04,Geo9,Rabat -20% na dwie dowolne kategorie produktów.
2022-06-20,Geo10,Rabat -20% na wszystkie nowości w ofercie.
2023-12-04,Geo10,Rabat -20% na wszystkie nowości w ofercie.
2021-06-07,Geo10,Rabat -20% na wszystkie nowości w ofercie.
2023-07-24,Geo12,Rabat -20% na wszystkie nowości w ofercie.
2022-06-27,Geo12,Rabat -20% na wszystkie nowości w ofercie.
2021-08-30,Geo12,Rabat -20% na wszystkie nowości w ofercie.
2022-10-03,Geo15,Rabat -20% na wszystkie nowości w ofercie.
2023-09-04,Geo21,Rabat -20% na wszystkie nowości w ofercie.
2022-09-26,Geo23,Rabat -20% na wszystkie nowości w ofercie.
2023-10-30,Geo24,Rabat -20% na wszystkie nowości w ofercie.
2023-01-09,Geo25,Rabat -20% na wszystkie nowości w ofercie.
2023-04-10,Geo27,Rabat -20% na wszystkie nowości w ofercie.
2023-07-10,Geo29,Rabat -20% na wszystkie nowości w ofercie.
2023-05-01,Geo3,Rabat -20% na wszystkie nowości w ofercie.
2022-03-28,Geo3,Rabat -20% na wszystkie nowości w ofercie.
2022-09-05,Geo32,Rabat -20% na wszystkie nowości w ofercie.
2021-11-29,Geo33,Rabat -20% na wszystkie nowości w ofercie.
2023-12-11,Geo34,Rabat -20% na wszystkie nowości w ofercie.
2021-06-21,Geo35,Rabat -20% na wszystkie nowości w ofercie.
2022-07-11,Geo35,Rabat -20% na wszystkie nowości w ofercie.
2023-12-25,Geo37,Rabat -20% na wszystkie nowości w ofercie.
2021-05-31,Geo38,Rabat -20% na wszystkie nowości w ofercie.
2023-04-17,Geo5,Rabat -20% na wszystkie nowości w ofercie.
2023-06-05,Geo8,Rabat -20% na wszystkie nowości w ofercie.
2021-10-11,Geo1,Rabat -22% na cały asortyment przez 24h.
2023-08-07,Geo10,Rabat -22% na cały asortyment przez 24h.
2023-08-07,Geo12,Rabat -22% na cały asortyment przez 24h.
2022-08-29,Geo21,Rabat -22% na cały asortyment przez 24h.
2021-08-30,Geo24,Rabat -22% na cały asortyment przez 24h.
2021-05-31,Geo34,Rabat -22% na cały asortyment przez 24h.
2022-08-15,Geo38,Rabat -22% na cały asortyment przez 24h.
2021-05-17,Geo9,Rabat -22% na cały asortyment przez 24h.
2022-06-06,Geo0,Rabat -25% na cały asortyment w aplikacji mobilnej.
2023-08-07,Geo15,Rabat -25% na cały asortyment w aplikacji mobilnej.
2021-08-02,Geo2,Rabat -25% na cały asortyment w aplikacji mobilnej.
2022-10-03,Geo25,Rabat -25% na cały asortyment w aplikacji mobilnej.
2023-12-11,Geo26,Rabat -25% na cały asortyment w aplikacji mobilnej.
2021-03-22,Geo32,Rabat -25% na cały asortyment w aplikacji mobilnej.
2023-10-23,Geo1,Rabat -25% na dwie dowolne kategorie produktów.
2023-08-07,Geo19,Rabat -25% na dwie dowolne kategorie produktów.
2023-12-11,Geo37,Rabat -25% na dwie dowolne kategorie produktów.
2021-10-18,Geo32,Rabat -25% na wszystko dla subskrybentów newslettera.
2023-11-06,Geo34,Rabat -25% na wszystko dla subskrybentów newslettera.
2021-07-12,Geo35,Rabat -25% na wszystko dla subskrybentów newslettera.
2022-01-03,Geo6,Rabat -25% na wszystko dla subskrybentów newslettera.
2023-11-06,Geo7,Rabat -25% na wszystko dla subskrybentów newslettera.
2022-01-17,Geo1,Rabat -25% na zamówienia powyżej 200 zł.
2022-04-25,Geo12,Rabat -25% na zamówienia powyżej 200 zł.
2022-07-04,Geo13,Rabat -25% na zamówienia powyżej 200 zł.
2021-12-13,Geo16,Rabat -25% na zamówienia powyżej 200 zł.
2021-11-22,Geo18,Rabat -25% na zamówienia powyżej 200 zł.
2023-08-14,Geo2,Rabat -25% na zamówienia powyżej 200 zł.
2023-12-11,Geo24,Rabat -25% na zamówienia powyżej 200 zł.
2023-09-25,Geo25,Rabat -25% na zamówienia powyżej 200 zł.
2023-08-14,Geo31,Rabat -25% na zamówienia powyżej 200 zł.
2024-01-01,Geo4,Rabat -25% na zamówienia powyżej 200 zł.
2023-11-27,Geo11,Rabat -27% na całą kolekcję sezonową.
2021-12-27,Geo17,Rabat -27% na całą kolekcję sezonową.
2023-08-14,Geo18,Rabat -27% na całą kolekcję sezonową.
2023-10-30,Geo19,Rabat -27% na całą kolekcję sezonową.
2022-06-27,Geo24,Rabat -27% na całą kolekcję sezonową.
2023-08-14,Geo1,Rabat -28% na wszystko dla zalogowanych.
2023-08-07,Geo34,Rabat -28% na wszystko dla zalogowanych.
2022-06-13,Geo33,Rabat -30% na cały asortyment sklepu.
2021-09-20,Geo5,Rabat -30% na cały asortyment sklepu.
2021-06-07,Geo5,Rabat -30% na cały asortyment sklepu.
2021-05-17,Geo23,Rabat -30% na wszystkie nowości.
2021-12-13,Geo25,Rabat -30% na wszystko i darmowa dostawa ekspresowa bez progu.
2023-06-26,Geo10,Rabat -33% na całą kategorię bestsellerów.
2022-11-14,Geo10,Rabat -33% na całą kategorię bestsellerów.
2022-06-06,Geo24,Rabat -33% na całą kategorię bestsellerów.
2023-08-14,Geo26,Rabat -33% na całą kategorię bestsellerów.
2022-06-27,Geo35,Rabat -36% na wszystko w weekend.
2023-11-06,Geo9,Rabat -38% na wszystko dla klientów VIP.
2022-08-08,Geo0,Rabat -5% na akcesoria przy zakupie produktu z nowej kolekcji.
2022-04-11,Geo0,Rabat -5% na akcesoria przy zakupie produktu z nowej kolekcji.
2022-06-06,Geo1,Rabat -5% na akcesoria przy zakupie produktu z nowej kolekcji.
2021-02-22,Geo1,Rabat -5% na akcesoria przy zakupie produktu z nowej kolekcji.
2023-06-05,Geo10,Rabat -5% na akcesoria przy zakupie produktu z nowej kolekcji.
2021-09-20,Geo11,Rabat -5% na akcesoria przy zakupie produktu z nowej kolekcji.
2022-06-06,Geo11,Rabat -5% na akcesoria przy zakupie produktu z nowej kolekcji.
2022-06-06,Geo12,Rabat -5% na akcesoria przy zakupie produktu z nowej kolekcji.
2021-11-01,Geo13,Rabat -5% na akcesoria przy zakupie produktu z nowej kolekcji.
2022-08-22,Geo13,Rabat -5% na akcesoria przy zakupie produktu z nowej kolekcji.
2021-08-30,Geo14,Rabat -5% na akcesoria przy zakupie produktu z nowej kolekcji.
2022-01-24,Geo15,Rabat -5% na akcesoria przy zakupie produktu z nowej kolekcji.
2022-11-28,Geo15,Rabat -5% na akcesoria przy zakupie produktu z nowej kolekcji.
2023-10-09,Geo15,Rabat -5% na akcesoria przy zakupie produktu z nowej kolekcji.
2021-04-12,Geo18,Rabat -5% na akcesoria przy zakupie produktu z nowej kolekcji.
2023-09-04,Geo19,Rabat -5% na akcesoria przy zakupie produktu z nowej kolekcji.
2021-04-19,Geo2,Rabat -5% na akcesoria przy zakupie produktu z nowej kolekcji.
2021-09-06,Geo2,Rabat -5% na akcesoria przy zakupie produktu z nowej kolekcji.
2021-01-25,Geo2,Rabat -5% na akcesoria przy zakupie produktu z nowej kolekcji.
2022-02-07,Geo20,Rabat -5% na akcesoria przy zakupie produktu z nowej kolekcji.
2021-05-31,Geo22,Rabat -5% na akcesoria przy zakupie produktu z nowej kolekcji.
2021-08-02,Geo23,Rabat -5% na akcesoria przy zakupie produktu z nowej kolekcji.
2022-11-14,Geo23,Rabat -5% na akcesoria przy zakupie produktu z nowej kolekcji.
2023-04-17,Geo25,Rabat -5% na akcesoria przy zakupie produktu z nowej kolekcji.
2022-01-17,Geo27,Rabat -5% na akcesoria przy zakupie produktu z nowej kolekcji.
2021-08-23,Geo27,Rabat -5% na akcesoria przy zakupie produktu z nowej kolekcji.
2021-08-02,Geo28,Rabat -5% na akcesoria przy zakupie produktu z nowej kolekcji.
2021-04-12,Geo28,Rabat -5% na akcesoria przy zakupie produktu z nowej kolekcji.
2021-07-05,Geo3,Rabat -5% na akcesoria przy zakupie produktu z nowej kolekcji.
2021-04-12,Geo34,Rabat -5% na akcesoria przy zakupie produktu z nowej kolekcji.
2022-02-28,Geo34,Rabat -5% na akcesoria przy zakupie produktu z nowej kolekcji.
2021-06-28,Geo35,Rabat -5% na akcesoria przy zakupie produktu z nowej kolekcji.
2021-08-23,Geo36,Rabat -5% na akcesoria przy zakupie produktu z nowej kolekcji.
2023-09-04,Geo36,Rabat -5% na akcesoria przy zakupie produktu z nowej kolekcji.
2023-07-17,Geo38,Rabat -5% na akcesoria przy zakupie produktu z nowej kolekcji.
2023-04-24,Geo39,Rabat -5% na akcesoria przy zakupie produktu z nowej kolekcji.
2023-06-19,Geo4,Rabat -5% na akcesoria przy zakupie produktu z nowej kolekcji.
2022-01-17,Geo5,Rabat -5% na akcesoria przy zakupie produktu z nowej kolekcji.
2021-06-28,Geo8,Rabat -5% na akcesoria przy zakupie produktu z nowej kolekcji.
2022-10-10,Geo9,Rabat -5% na akcesoria przy zakupie produktu z nowej kolekcji.
2023-09-25,Geo0,Rabat -5% na całe zamówienie dla zalogowanych użytkowników.
2023-08-21,Geo10,Rabat -5% na całe zamówienie dla zalogowanych użytkowników.
2021-08-23,Geo13,Rabat -5% na całe zamówienie dla zalogowanych użytkowników.
2021-02-01,Geo13,Rabat -5% na całe zamówienie dla zalogowanych użytkowników.
2021-04-19,Geo13,Rabat -5% na całe zamówienie dla zalogowanych użytkowników.
2023-07-10,Geo14,Rabat -5% na całe zamówienie dla zalogowanych użytkowników.
2022-09-26,Geo14,Rabat -5% na całe zamówienie dla zalogowanych użytkowników.
2021-11-08,Geo16,Rabat -5% na całe zamówienie dla zalogowanych użytkowników.
2023-10-23,Geo17,Rabat -5% na całe zamówienie dla zalogowanych użytkowników.
2023-12-18,Geo18,Rabat -5% na całe zamówienie dla zalogowanych użytkowników.
2021-01-25,Geo19,Rabat -5% na całe zamówienie dla zalogowanych użytkowników.
2024-01-15,Geo2,Rabat -5% na całe zamówienie dla zalogowanych użytkowników.
2023-12-11,Geo20,Rabat -5% na całe zamówienie dla zalogowanych użytkowników.
2022-12-05,Geo21,Rabat -5% na całe zamówienie dla zalogowanych użytkowników.
2022-06-06,Geo27,Rabat -5% na całe zamówienie dla zalogowanych użytkowników.
2021-03-22,Geo29,Rabat -5% na całe zamówienie dla zalogowanych użytkowników.
2022-08-29,Geo29,Rabat -5% na całe zamówienie dla zalogowanych użytkowników.
2022-05-16,Geo30,Rabat -5% na całe zamówienie dla zalogowanych użytkowników.
2022-03-21,Geo31,Rabat -5% na całe zamówienie dla zalogowanych użytkowników.
2022-11-14,Geo33,Rabat -5% na całe zamówienie dla zalogowanych użytkowników.
2021-07-05,Geo33,Rabat -5% na całe zamówienie dla zalogowanych użytkowników.
2022-12-26,Geo34,Rabat -5% na całe zamówienie dla zalogowanych użytkowników.
2023-03-13,Geo36,Rabat -5% na całe zamówienie dla zalogowanych użytkowników.
2021-12-06,Geo37,Rabat -5% na całe zamówienie dla zalogowanych użytkowników.
2023-11-13,Geo38,Rabat -5% na całe zamówienie dla zalogowanych użytkowników.
2023-05-01,Geo39,Rabat -5% na całe zamówienie dla zalogowanych użytkowników.
2023-08-21,Geo39,Rabat -5% na całe zamówienie dla zalogowanych użytkowników.
2022-10-24,Geo4,Rabat -5% na całe zamówienie dla zalogowanych użytkowników.
2022-10-03,Geo5,Rabat -5% na całe zamówienie dla zalogowanych użytkowników.
2023-10-16,Geo5,Rabat -5% na całe zamówienie dla zalogowanych użytkowników.
2021-07-19,Geo6,Rabat -5% na całe zamówienie dla zalogowanych użytkowników.
2023-10-30,Geo6,Rabat -5% na całe zamówienie dla zalogowanych użytkowników.
2021-12-06,Geo7,Rabat -5% na całe zamówienie dla zalogowanych użytkowników.
2021-11-15,Geo8,Rabat -5% na całe zamówienie dla zalogowanych użytkowników.
2023-08-28,Geo9,Rabat -5% na całe zamówienie dla zalogowanych użytkowników.
2023-07-17,Geo9,Rabat -5% na całe zamówienie dla zalogowanych użytkowników.
2022-07-04,Geo9,Rabat -5% na całe zamówienie dla zalogowanych użytkowników.
2022-06-06,Geo9,Rabat -5% na całe zamówienie dla zalogowanych użytkowników.
2022-01-10,Geo10,Rabat 10 zł przy zakupach powyżej 200 zł.
2021-11-22,Geo12,Rabat 10 zł przy zakupach powyżej 200 zł.
2021-08-16,Geo13,Rabat 10 zł przy zakupach powyżej 200 zł.
2022-08-29,Geo15,Rabat 10 zł przy zakupach powyżej 200 zł.
2023-12-18,Geo15,Rabat 10 zł przy zakupach powyżej 200 zł.
2023-06-19,Geo16,Rabat 10 zł przy zakupach powyżej 200 zł.
2022-09-19,Geo17,Rabat 10 zł przy zakupach powyżej 200 zł.
2022-09-05,Geo17,Rabat 10 zł przy zakupach powyżej 200 zł.
2023-08-21,Geo17,Rabat 10 zł przy zakupach powyżej 200 zł.
2022-03-07,Geo18,Rabat 10 zł przy zakupach powyżej 200 zł.
2023-01-23,Geo20,Rabat 10 zł przy zakupach powyżej 200 zł.
2022-06-27,Geo21,Rabat 10 zł przy zakupach powyżej 200 zł.
2021-02-22,Geo21,Rabat 10 zł przy zakupach powyżej 200 zł.
2022-11-14,Geo21,Rabat 10 zł przy zakupach powyżej 200 zł.
2022-02-07,Geo22,Rabat 10 zł przy zakupach powyżej 200 zł.
2022-11-21,Geo24,Rabat 10 zł przy zakupach powyżej 200 zł.
2021-04-26,Geo25,Rabat 10 zł przy zakupach powyżej 200 zł.
2022-10-17,Geo26,Rabat 10 zł przy zakupach powyżej 200 zł.
2022-12-19,Geo27,Rabat 10 zł przy zakupach powyżej 200 zł.
2021-09-06,Geo29,Rabat 10 zł przy zakupach powyżej 200 zł.
2022-09-19,Geo29,Rabat 10 zł przy zakupach powyżej 200 zł.
2021-03-08,Geo29,Rabat 10 zł przy zakupach powyżej 200 zł.
2021-04-05,Geo3,Rabat 10 zł przy zakupach powyżej 200 zł.
2023-08-14,Geo3,Rabat 10 zł przy zakupach powyżej 200 zł.
2022-05-09,Geo30,Rabat 10 zł przy zakupach powyżej 200 zł.
2022-09-12,Geo30,Rabat 10 zł przy zakupach powyżej 200 zł.
2023-01-16,Geo30,Rabat 10 zł przy zakupach powyżej 200 zł.
2021-11-15,Geo31,Rabat 10 zł przy zakupach powyżej 200 zł.
2022-10-10,Geo32,Rabat 10 zł przy zakupach powyżej 200 zł.
2021-06-21,Geo33,Rabat 10 zł przy zakupach powyżej 200 zł.
2023-12-04,Geo33,Rabat 10 zł przy zakupach powyżej 200 zł.
2024-01-08,Geo35,Rabat 10 zł przy zakupach powyżej 200 zł.
2021-09-27,Geo35,Rabat 10 zł przy zakupach powyżej 200 zł.
2022-02-14,Geo35,Rabat 10 zł przy zakupach powyżej 200 zł.
2024-01-15,Geo36,Rabat 10 zł przy zakupach powyżej 200 zł.
2021-03-22,Geo37,Rabat 10 zł przy zakupach powyżej 200 zł.
2021-02-08,Geo38,Rabat 10 zł przy zakupach powyżej 200 zł.
2023-02-13,Geo39,Rabat 10 zł przy zakupach powyżej 200 zł.
2021-06-28,Geo39,Rabat 10 zł przy zakupach powyżej 200 zł.
2022-07-25,Geo39,Rabat 10 zł przy zakupach powyżej 200 zł.
2022-09-26,Geo4,Rabat 10 zł przy zakupach powyżej 200 zł.
2021-11-22,Geo6,Rabat 10 zł przy zakupach powyżej 200 zł.
2022-09-05,Geo7,Rabat 10 zł przy zakupach powyżej 200 zł.
2022-10-10,Geo7,Rabat 10 zł przy zakupach powyżej 200 zł.
2021-06-21,Geo7,Rabat 10 zł przy zakupach powyżej 200 zł.
2022-10-24,Geo8,Rabat 10 zł przy zakupach powyżej 200 zł.
2023-08-07,Geo11,Rabat 100 zł na zakupy powyżej 500 zł.
2021-05-10,Geo19,Rabat 100 zł na zakupy powyżej 500 zł.
2021-10-11,Geo20,Rabat 100 zł na zakupy powyżej 500 zł.
2023-11-13,Geo23,Rabat 100 zł na zakupy powyżej 500 zł.
2023-05-29,Geo24,Rabat 100 zł na zakupy powyżej 500 zł.
2023-07-31,Geo34,Rabat 100 zł na zakupy powyżej 500 zł.
2022-07-04,Geo36,Rabat 100 zł na zakupy powyżej 500 zł.
2021-10-11,Geo5,Rabat 100 zł na zakupy powyżej 500 zł.
2024-01-01,Geo18,Rabat 110 zł przy zakupach za min. 500 zł.
2023-11-06,Geo28,Rabat 110 zł przy zakupach za min. 500 zł.
2023-06-05,Geo32,Rabat 110 zł przy zakupach za min. 500 zł.
2022-05-16,Geo33,Rabat 110 zł przy zakupach za min. 500 zł.
2023-04-10,Geo33,Rabat 110 zł przy zakupach za min. 500 zł.
2021-12-13,Geo35,Rabat 110 zł przy zakupach za min. 500 zł.
2022-01-03,Geo37,Rabat 110 zł przy zakupach za min. 500 zł.
2023-05-29,Geo37,Rabat 110 zł przy zakupach za min. 500 zł.
2023-09-11,Geo11,Rabat 130 zł przy zakupach za min. 500 zł.
2022-10-31,Geo11,Rabat 130 zł przy zakupach za min. 500 zł.
2022-07-11,Geo16,Rabat 130 zł przy zakupach za min. 500 zł.
2021-12-13,Geo20,Rabat 130 zł przy zakupach za min. 500 zł.
2021-12-13,Geo27,Rabat 130 zł przy zakupach za min. 500 zł.
2021-11-15,Geo37,Rabat 130 zł przy zakupach za min. 500 zł.
2021-11-22,Geo38,Rabat 130 zł przy zakupach za min. 500 zł.
2022-03-28,Geo30,Rabat 140 zł przy zakupach za min. 550 zł.
2021-03-22,Geo5,Rabat 140 zł przy zakupach za min. 550 zł.
2022-12-05,Geo0,Rabat 15 zł przy zakupach powyżej 250 zł.
2023-10-16,Geo10,Rabat 15 zł przy zakupach powyżej 250 zł.
2022-11-21,Geo10,Rabat 15 zł przy zakupach powyżej 250 zł.
2022-05-30,Geo10,Rabat 15 zł przy zakupach powyżej 250 zł.
2023-10-02,Geo11,Rabat 15 zł przy zakupach powyżej 250 zł.
2022-02-21,Geo13,Rabat 15 zł przy zakupach powyżej 250 zł.
2021-08-02,Geo13,Rabat 15 zł przy zakupach powyżej 250 zł.
2021-11-22,Geo15,Rabat 15 zł przy zakupach powyżej 250 zł.
2021-04-26,Geo15,Rabat 15 zł przy zakupach powyżej 250 zł.
2021-05-10,Geo16,Rabat 15 zł przy zakupach powyżej 250 zł.
2022-05-02,Geo16,Rabat 15 zł przy zakupach powyżej 250 zł.
2021-06-21,Geo19,Rabat 15 zł przy zakupach powyżej 250 zł.
2021-05-03,Geo19,Rabat 15 zł przy zakupach powyżej 250 zł.
2023-06-19,Geo19,Rabat 15 zł przy zakupach powyżej 250 zł.
2021-08-30,Geo2,Rabat 15 zł przy zakupach powyżej 250 zł.
2021-06-21,Geo2,Rabat 15 zł przy zakupach powyżej 250 zł.
2022-11-07,Geo2,Rabat 15 zł przy zakupach powyżej 250 zł.
2022-09-26,Geo20,Rabat 15 zł przy zakupach powyżej 250 zł.
2022-06-20,Geo21,Rabat 15 zł przy zakupach powyżej 250 zł.
2023-12-25,Geo22,Rabat 15 zł przy zakupach powyżej 250 zł.
2021-02-22,Geo23,Rabat 15 zł przy zakupach powyżej 250 zł.
2022-07-25,Geo24,Rabat 15 zł przy zakupach powyżej 250 zł.
2023-09-04,Geo25,Rabat 15 zł przy zakupach powyżej 250 zł.
2024-01-15,Geo27,Rabat 15 zł przy zakupach powyżej 250 zł.
2021-03-22,Geo27,Rabat 15 zł przy zakupach powyżej 250 zł.
2023-09-11,Geo28,Rabat 15 zł przy zakupach powyżej 250 zł.
2024-01-15,Geo28,Rabat 15 zł przy zakupach powyżej 250 zł.
2022-07-11,Geo29,Rabat 15 zł przy zakupach powyżej 250 zł.
2023-10-23,Geo29,Rabat 15 zł przy zakupach powyżej 250 zł.
2021-08-02,Geo29,Rabat 15 zł przy zakupach powyżej 250 zł.
2022-02-28,Geo3,Rabat 15 zł przy zakupach powyżej 250 zł.
2022-10-24,Geo3,Rabat 15 zł przy zakupach powyżej 250 zł.
2023-01-16,Geo31,Rabat 15 zł przy zakupach powyżej 250 zł.
2022-06-27,Geo32,Rabat 15 zł przy zakupach powyżej 250 zł.
2021-02-22,Geo34,Rabat 15 zł przy zakupach powyżej 250 zł.
2022-12-19,Geo34,Rabat 15 zł przy zakupach powyżej 250 zł.
2022-04-18,Geo35,Rabat 15 zł przy zakupach powyżej 250 zł.
2022-05-30,Geo36,Rabat 15 zł przy zakupach powyżej 250 zł.
2021-11-01,Geo37,Rabat 15 zł przy zakupach powyżej 250 zł.
2023-07-24,Geo37,Rabat 15 zł przy zakupach powyżej 250 zł.
2022-05-02,Geo38,Rabat 15 zł przy zakupach powyżej 250 zł.
2023-04-17,Geo38,Rabat 15 zł przy zakupach powyżej 250 zł.
2021-08-09,Geo38,Rabat 15 zł przy zakupach powyżej 250 zł.
2022-08-08,Geo39,Rabat 15 zł przy zakupach powyżej 250 zł.
2021-11-29,Geo39,Rabat 15 zł przy zakupach powyżej 250 zł.
2023-10-23,Geo6,Rabat 15 zł przy zakupach powyżej 250 zł.
2021-08-16,Geo6,Rabat 15 zł przy zakupach powyżej 250 zł.
2021-08-02,Geo8,Rabat 15 zł przy zakupach powyżej 250 zł.
2021-09-27,Geo9,Rabat 15 zł przy zakupach powyżej 250 zł.
2023-05-29,Geo9,Rabat 15 zł przy zakupach powyżej 250 zł.
2023-08-14,Geo0,Rabat 150 zł przy zakupach za min. 600 zł.
2023-02-27,Geo0,Rabat 150 zł przy zakupach za min. 600 zł.
2022-07-04,Geo14,Rabat 150 zł przy zakupach za min. 600 zł.
2021-10-18,Geo29,Rabat 150 zł przy zakupach za min. 600 zł.
2021-12-27,Geo9,Rabat 170 zł przy zakupach za min. 600 zł.
2022-09-19,Geo0,Rabat 20 zł na pierwsze zakupy w aplikacji mobilnej.
2021-09-20,Geo0,Rabat 20 zł na pierwsze zakupy w aplikacji mobilnej.
2023-10-16,Geo11,Rabat 20 zł na pierwsze zakupy w aplikacji mobilnej.
2021-12-06,Geo14,Rabat 20 zł na pierwsze zakupy w aplikacji mobilnej.
2021-08-09,Geo14,Rabat 20 zł na pierwsze zakupy w aplikacji mobilnej.
2023-12-04,Geo15,Rabat 20 zł na pierwsze zakupy w aplikacji mobilnej.
2023-07-10,Geo19,Rabat 20 zł na pierwsze zakupy w aplikacji mobilnej.
2022-04-04,Geo2,Rabat 20 zł na pierwsze zakupy w aplikacji mobilnej.
2021-05-10,Geo2,Rabat 20 zł na pierwsze zakupy w aplikacji mobilnej.
2022-02-21,Geo2,Rabat 20 zł na pierwsze zakupy w aplikacji mobilnej.
2023-07-10,Geo21,Rabat 20 zł na pierwsze zakupy w aplikacji mobilnej.
2021-11-08,Geo21,Rabat 20 zł na pierwsze zakupy w aplikacji mobilnej.
2023-05-29,Geo22,Rabat 20 zł na pierwsze zakupy w aplikacji mobilnej.
2023-06-05,Geo22,Rabat 20 zł na pierwsze zakupy w aplikacji mobilnej.
2022-04-11,Geo23,Rabat 20 zł na pierwsze zakupy w aplikacji mobilnej.
2023-09-11,Geo24,Rabat 20 zł na pierwsze zakupy w aplikacji mobilnej.
2023-10-16,Geo25,Rabat 20 zł na pierwsze zakupy w aplikacji mobilnej.
2023-01-09,Geo28,Rabat 20 zł na pierwsze zakupy w aplikacji mobilnej.
2022-09-05,Geo28,Rabat 20 zł na pierwsze zakupy w aplikacji mobilnej.
2022-02-07,Geo28,Rabat 20 zł na pierwsze zakupy w aplikacji mobilnej.
2021-09-27,Geo28,Rabat 20 zł na pierwsze zakupy w aplikacji mobilnej.
2023-12-18,Geo29,Rabat 20 zł na pierwsze zakupy w aplikacji mobilnej.
2021-05-10,Geo3,Rabat 20 zł na pierwsze zakupy w aplikacji mobilnej.
2021-06-07,Geo3,Rabat 20 zł na pierwsze zakupy w aplikacji mobilnej.
2022-12-05,Geo30,Rabat 20 zł na pierwsze zakupy w aplikacji mobilnej.
2022-02-07,Geo30,Rabat 20 zł na pierwsze zakupy w aplikacji mobilnej.
2023-06-12,Geo33,Rabat 20 zł na pierwsze zakupy w aplikacji mobilnej.
2022-04-11,Geo33,Rabat 20 zł na pierwsze zakupy w aplikacji mobilnej.
2021-05-17,Geo34,Rabat 20 zł na pierwsze zakupy w aplikacji mobilnej.
2021-06-28,Geo34,Rabat 20 zł na pierwsze zakupy w aplikacji mobilnej.
2023-05-01,Geo35,Rabat 20 zł na pierwsze zakupy w aplikacji mobilnej.
2024-01-01,Geo35,Rabat 20 zł na pierwsze zakupy w aplikacji mobilnej.
2021-12-27,Geo36,Rabat 20 zł na pierwsze zakupy w aplikacji mobilnej.
2023-10-02,Geo37,Rabat 20 zł na pierwsze zakupy w aplikacji mobilnej.
2021-10-11,Geo38,Rabat 20 zł na pierwsze zakupy w aplikacji mobilnej.
2022-07-11,Geo38,Rabat 20 zł na pierwsze zakupy w aplikacji mobilnej.
2021-12-13,Geo4,Rabat 20 zł na pierwsze zakupy w aplikacji mobilnej.
2023-02-20,Geo4,Rabat 20 zł na pierwsze zakupy w aplikacji mobilnej.
2023-10-30,Geo5,Rabat 20 zł na pierwsze zakupy w aplikacji mobilnej.
2022-12-12,Geo2,Rabat 210 zł przy zakupach za min. 700 zł.
2023-11-13,Geo27,Rabat 210 zł przy zakupach za min. 700 zł.
2022-08-29,Geo8,Rabat 240 zł przy zakupach za min. 750 zł.
2023-08-21,Geo1,Rabat 25 zł przy zakupach za min. 250 zł.
2022-04-04,Geo11,Rabat 25 zł przy zakupach za min. 250 zł.
2023-02-20,Geo12,Rabat 25 zł przy zakupach za min. 250 zł.
2023-11-27,Geo13,Rabat 25 zł przy zakupach za min. 250 zł.
2023-05-29,Geo14,Rabat 25 zł przy zakupach za min. 250 zł.
2022-02-07,Geo14,Rabat 25 zł przy zakupach za min. 250 zł.
2021-05-24,Geo14,Rabat 25 zł przy zakupach za min. 250 zł.
2022-09-26,Geo16,Rabat 25 zł przy zakupach za min. 250 zł.
2021-04-05,Geo18,Rabat 25 zł przy zakupach za min. 250 zł.
2021-04-05,Geo19,Rabat 25 zł przy zakupach za min. 250 zł.
2022-07-25,Geo2,Rabat 25 zł przy zakupach za min. 250 zł.
2023-01-23,Geo2,Rabat 25 zł przy zakupach za min. 250 zł.
2023-02-13,Geo20,Rabat 25 zł przy zakupach za min. 250 zł.
2023-08-21,Geo20,Rabat 25 zł przy zakupach za min. 250 zł.
2021-10-04,Geo21,Rabat 25 zł przy zakupach za min. 250 zł.
2021-12-06,Geo22,Rabat 25 zł przy zakupach za min. 250 zł.
2022-07-11,Geo25,Rabat 25 zł przy zakupach za min. 250 zł.
2023-03-13,Geo25,Rabat 25 zł przy zakupach za min. 250 zł.
2022-12-05,Geo26,Rabat 25 zł przy zakupach za min. 250 zł.
2022-06-27,Geo27,Rabat 25 zł przy zakupach za min. 250 zł.
2023-01-23,Geo28,Rabat 25 zł przy zakupach za min. 250 zł.
2021-03-22,Geo28,Rabat 25 zł przy zakupach za min. 250 zł.
2022-12-12,Geo29,Rabat 25 zł przy zakupach za min. 250 zł.
2021-06-14,Geo30,Rabat 25 zł przy zakupach za min. 250 zł.
2022-07-11,Geo31,Rabat 25 zł przy zakupach za min. 250 zł.
2021-06-07,Geo31,Rabat 25 zł przy zakupach za min. 250 zł.
2022-01-31,Geo32,Rabat 25 zł przy zakupach za min. 250 zł.
2022-08-15,Geo33,Rabat 25 zł przy zakupach za min. 250 zł.
2023-02-13,Geo35,Rabat 25 zł przy zakupach za min. 250 zł.
2021-04-05,Geo37,Rabat 25 zł przy zakupach za min. 250 zł.
2021-05-31,Geo6,Rabat 25 zł przy zakupach za min. 250 zł.
2022-05-16,Geo6,Rabat 25 zł przy zakupach za min. 250 zł.
2021-08-23,Geo7,Rabat 25 zł przy zakupach za min. 250 zł.
2021-03-22,Geo7,Rabat 25 zł przy zakupach za min. 250 zł.
2024-01-01,Geo8,Rabat 25 zł przy zakupach za min. 250 zł.
2023-10-09,Geo1,Rabat 40 zł na zakupy powyżej 300 zł.
2022-02-07,Geo10,Rabat 40 zł na zakupy powyżej 300 zł.
2021-12-13,Geo11,Rabat 40 zł na zakupy powyżej 300 zł.
2021-05-03,Geo14,Rabat 40 zł na zakupy powyżej 300 zł.
2023-09-18,Geo16,Rabat 40 zł na zakupy powyżej 300 zł.
2022-12-05,Geo16,Rabat 40 zł na zakupy powyżej 300 zł.
2023-06-26,Geo16,Rabat 40 zł na zakupy powyżej 300 zł.
2023-07-24,Geo18,Rabat 40 zł na zakupy powyżej 300 zł.
2023-05-29,Geo18,Rabat 40 zł na zakupy powyżej 300 zł.
2021-04-12,Geo19,Rabat 40 zł na zakupy powyżej 300 zł.
2023-08-21,Geo19,Rabat 40 zł na zakupy powyżej 300 zł.
2022-07-04,Geo22,Rabat 40 zł na zakupy powyżej 300 zł.
2022-10-31,Geo23,Rabat 40 zł na zakupy powyżej 300 zł.
2022-01-24,Geo23,Rabat 40 zł na zakupy powyżej 300 zł.
2022-01-03,Geo26,Rabat 40 zł na zakupy powyżej 300 zł.
2022-08-08,Geo27,Rabat 40 zł na zakupy powyżej 300 zł.
2023-09-18,Geo32,Rabat 40 zł na zakupy powyżej 300 zł.
2022-03-14,Geo33,Rabat 40 zł na zakupy powyżej 300 zł.
2022-11-21,Geo33,Rabat 40 zł na zakupy powyżej 300 zł.
2022-01-24,Geo35,Rabat 40 zł na zakupy powyżej 300 zł.
2023-01-02,Geo35,Rabat 40 zł na zakupy powyżej 300 zł.
2021-11-29,Geo36,Rabat 40 zł na zakupy powyżej 300 zł.
2022-08-29,Geo38,Rabat 40 zł na zakupy powyżej 300 zł.
2022-08-22,Geo39,Rabat 40 zł na zakupy powyżej 300 zł.
2023-10-02,Geo39,Rabat 40 zł na zakupy powyżej 300 zł.
2022-12-05,Geo4,Rabat 40 zł na zakupy powyżej 300 zł.
2023-05-08,Geo7,Rabat 40 zł na zakupy powyżej 300 zł.
2022-07-25,Geo0,Rabat 5 zł za zapis do newslettera.
2022-01-03,Geo1,Rabat 5 zł za zapis do newslettera.
2022-08-15,Geo10,Rabat 5 zł za zapis do newslettera.
2023-12-11,Geo10,Rabat 5 zł za zapis do newslettera.
2022-12-26,Geo10,Rabat 5 zł za zapis do newslettera.
2022-07-25,Geo10,Rabat 5 zł za zapis do newslettera.
2023-04-17,Geo10,Rabat 5 zł za zapis do newslettera.
2023-11-27,Geo12,Rabat 5 zł za zapis do newslettera.
2022-09-12,Geo13,Rabat 5 zł za zapis do newslettera.
2023-01-02,Geo14,Rabat 5 zł za zapis do newslettera.
2021-11-29,Geo15,Rabat 5 zł za zapis do newslettera.
2024-01-15,Geo15,Rabat 5 zł za zapis do newslettera.
2022-04-04,Geo17,Rabat 5 zł za zapis do newslettera.
2023-04-24,Geo18,Rabat 5 zł za zapis do newslettera.
2022-09-19,Geo19,Rabat 5 zł za zapis do newslettera.
2021-10-04,Geo20,Rabat 5 zł za zapis do newslettera.
2021-09-27,Geo20,Rabat 5 zł za zapis do newslettera.
2023-11-27,Geo22,Rabat 5 zł za zapis do newslettera.
2023-08-21,Geo22,Rabat 5 zł za zapis do newslettera.
2021-05-31,Geo23,Rabat 5 zł za zapis do newslettera.
2023-04-03,Geo23,Rabat 5 zł za zapis do newslettera.
2023-10-30,Geo23,Rabat 5 zł za zapis do newslettera.
2023-08-07,Geo25,Rabat 5 zł za zapis do newslettera.
2022-11-07,Geo25,Rabat 5 zł za zapis do newslettera.
2022-01-10,Geo26,Rabat 5 zł za zapis do newslettera.
2023-01-09,Geo26,Rabat 5 zł za zapis do newslettera.
2022-05-30,Geo27,Rabat 5 zł za zapis do newslettera.
2023-12-11,Geo27,Rabat 5 zł za zapis do newslettera.
2023-06-05,Geo28,Rabat 5 zł za zapis do newslettera.
2022-06-20,Geo32,Rabat 5 zł za zapis do newslettera.
2021-11-08,Geo32,Rabat 5 zł za zapis do newslettera.
2022-01-31,Geo37,Rabat 5 zł za zapis do newslettera.
2023-11-20,Geo38,Rabat 5 zł za zapis do newslettera.
2022-06-13,Geo38,Rabat 5 zł za zapis do newslettera.
2022-08-08,Geo38,Rabat 5 zł za zapis do newslettera.
2023-11-06,Geo39,Rabat 5 zł za zapis do newslettera.
2023-01-09,Geo39,Rabat 5 zł za zapis do newslettera.
2021-03-15,Geo4,Rabat 5 zł za zapis do newslettera.
2022-11-28,Geo4,Rabat 5 zł za zapis do newslettera.
2023-09-18,Geo4,Rabat 5 zł za zapis do newslettera.
2021-10-04,Geo5,Rabat 5 zł za zapis do newslettera.
2021-12-06,Geo6,Rabat 5 zł za zapis do newslettera.
2022-08-01,Geo6,Rabat 5 zł za zapis do newslettera.
2023-01-09,Geo6,Rabat 5 zł za zapis do newslettera.
2022-04-11,Geo7,Rabat 5 zł za zapis do newslettera.
2022-08-29,Geo7,Rabat 5 zł za zapis do newslettera.
2022-09-12,Geo7,Rabat 5 zł za zapis do newslettera.
2023-11-13,Geo8,Rabat 5 zł za zapis do newslettera.
2023-06-26,Geo9,Rabat 5 zł za zapis do newslettera.
2023-10-16,Geo9,Rabat 5 zł za zapis do newslettera.
2022-03-07,Geo13,Rabat 50 zł przy zakupach za min. 350 zł.
2023-12-18,Geo14,Rabat 50 zł przy zakupach za min. 350 zł.
2022-07-11,Geo15,Rabat 50 zł przy zakupach za min. 350 zł.
2022-05-02,Geo17,Rabat 50 zł przy zakupach za min. 350 zł.
2023-07-03,Geo18,Rabat 50 zł przy zakupach za min. 350 zł.
2022-05-30,Geo20,Rabat 50 zł przy zakupach za min. 350 zł.
2022-09-19,Geo21,Rabat 50 zł przy zakupach za min. 350 zł.
2023-07-24,Geo24,Rabat 50 zł przy zakupach za min. 350 zł.
2023-10-23,Geo25,Rabat 50 zł przy zakupach za min. 350 zł.
2022-05-02,Geo28,Rabat 50 zł przy zakupach za min. 350 zł.
2021-09-13,Geo32,Rabat 50 zł przy zakupach za min. 350 zł.
2022-12-19,Geo32,Rabat 50 zł przy zakupach za min. 350 zł.
2023-07-03,Geo34,Rabat 50 zł przy zakupach za min. 350 zł.
2022-09-05,Geo34,Rabat 50 zł przy zakupach za min. 350 zł.
2021-11-22,Geo35,Rabat 50 zł przy zakupach za min. 350 zł.
2023-06-05,Geo35,Rabat 50 zł przy zakupach za min. 350 zł.
2022-05-02,Geo37,Rabat 50 zł przy zakupach za min. 350 zł.
2023-08-28,Geo5,Rabat 50 zł przy zakupach za min. 350 zł.
2021-05-10,Geo6,Rabat 50 zł przy zakupach za min. 350 zł.
2023-05-01,Geo7,Rabat 50 zł przy zakupach za min. 350 zł.
2022-11-14,Geo8,Rabat 50 zł przy zakupach za min. 350 zł.
2022-11-14,Geo9,Rabat 50 zł przy zakupach za min. 350 zł.
2021-08-30,Geo9,Rabat 50 zł przy zakupach za min. 350 zł.
2021-11-15,Geo0,Rabat 60 zł przy zakupach za min. 350 zł.
2023-12-11,Geo12,Rabat 60 zł przy zakupach za min. 350 zł.
2021-04-05,Geo14,Rabat 60 zł przy zakupach za min. 350 zł.
2022-06-20,Geo14,Rabat 60 zł przy zakupach za min. 350 zł.
2023-02-27,Geo15,Rabat 60 zł przy zakupach za min. 350 zł.
2022-05-16,Geo16,Rabat 60 zł przy zakupach za min. 350 zł.
2021-11-08,Geo17,Rabat 60 zł przy zakupach za min. 350 zł.
2021-12-20,Geo17,Rabat 60 zł przy zakupach za min. 350 zł.
2022-08-01,Geo2,Rabat 60 zł przy zakupach za min. 350 zł.
2021-01-25,Geo28,Rabat 60 zł przy zakupach za min. 350 zł.
2023-01-02,Geo28,Rabat 60 zł przy zakupach za min. 350 zł.
2023-10-30,Geo3,Rabat 60 zł przy zakupach za min. 350 zł.
2022-06-20,Geo31,Rabat 60 zł przy zakupach za min. 350 zł.
2023-06-12,Geo31,Rabat 60 zł przy zakupach za min. 350 zł.
2023-07-10,Geo33,Rabat 60 zł przy zakupach za min. 350 zł.
2022-08-08,Geo34,Rabat 60 zł przy zakupach za min. 350 zł.
2023-11-27,Geo39,Rabat 60 zł przy zakupach za min. 350 zł.
2021-05-17,Geo4,Rabat 60 zł przy zakupach za min. 350 zł.
2023-02-27,Geo5,Rabat 60 zł przy zakupach za min. 350 zł.
2021-12-27,Geo6,Rabat 60 zł przy zakupach za min. 350 zł.
2022-10-03,Geo7,Rabat 60 zł przy zakupach za min. 350 zł.
2023-05-15,Geo7,Rabat 60 zł przy zakupach za min. 350 zł.
2022-06-06,Geo7,Rabat 60 zł przy zakupach za min. 350 zł.
2023-01-09,Geo8,Rabat 60 zł przy zakupach za min. 350 zł.
2021-07-05,Geo11,Rabat 70 zł przy zakupach za min. 400 zł.
2022-12-12,Geo17,Rabat 70 zł przy zakupach za min. 400 zł.
2022-08-29,Geo19,Rabat 70 zł przy zakupach za min. 400 zł.
2023-05-29,Geo2,Rabat 70 zł przy zakupach za min. 400 zł.
2021-08-02,Geo20,Rabat 70 zł przy zakupach za min. 400 zł.
2021-04-26,Geo27,Rabat 70 zł przy zakupach za min. 400 zł.
2021-04-05,Geo30,Rabat 70 zł przy zakupach za min. 400 zł.
2023-06-05,Geo33,Rabat 70 zł przy zakupach za min. 400 zł.
2021-03-22,Geo38,Rabat 70 zł przy zakupach za min. 400 zł.
2022-09-05,Geo4,Rabat 70 zł przy zakupach za min. 400 zł.
2022-09-05,Geo9,Rabat 70 zł przy zakupach za min. 400 zł.
2021-08-09,Geo1,Rabat 75 zł przy zakupach za min. 400 zł.
2023-11-20,Geo13,Rabat 75 zł przy zakupach za min. 400 zł.
2021-10-18,Geo16,Rabat 75 zł przy zakupach za min. 400 zł.
2023-12-11,Geo19,Rabat 75 zł przy zakupach za min. 400 zł.
2021-02-15,Geo22,Rabat 75 zł przy zakupach za min. 400 zł.
2021-10-18,Geo24,Rabat 75 zł przy zakupach za min. 400 zł.
2022-06-20,Geo25,Rabat 75 zł przy zakupach za min. 400 zł.
2023-01-02,Geo26,Rabat 75 zł przy zakupach za min. 400 zł.
2022-07-04,Geo27,Rabat 75 zł przy zakupach za min. 400 zł.
2023-06-05,Geo29,Rabat 75 zł przy zakupach za min. 400 zł.
2023-12-11,Geo30,Rabat 75 zł przy zakupach za min. 400 zł.
2022-07-04,Geo30,Rabat 75 zł przy zakupach za min. 400 zł.
2021-12-13,Geo7,Rabat 75 zł przy zakupach za min. 400 zł.
2022-02-28,Geo13,Rabat 80 zł na zakupy powyżej 450 zł.
2022-10-03,Geo14,Rabat 80 zł na zakupy powyżej 450 zł.
2024-01-01,Geo2,Rabat 80 zł na zakupy powyżej 450 zł.
2021-06-14,Geo22,Rabat 80 zł na zakupy powyżej 450 zł.
2021-05-03,Geo22,Rabat 80 zł na zakupy powyżej 450 zł.
2022-07-04,Geo24,Rabat 80 zł na zakupy powyżej 450 zł.
2021-05-31,Geo26,Rabat 80 zł na zakupy powyżej 450 zł.
2023-02-27,Geo26,Rabat 80 zł na zakupy powyżej 450 zł.
2023-09-25,Geo28,Rabat 80 zł na zakupy powyżej 450 zł.
2023-12-18,Geo31,Rabat 80 zł na zakupy powyżej 450 zł.
2023-02-27,Geo35,Rabat 80 zł na zakupy powyżej 450 zł.
2023-11-27,Geo36,Rabat 80 zł na zakupy powyżej 450 zł.
2022-11-14,Geo36,Rabat 80 zł na zakupy powyżej 450 zł.
2022-05-16,Geo9,Rabat 80 zł na zakupy powyżej 450 zł.
2021-02-15,Geo13,Rabat 90 zł przy zakupach za min. 450 zł.
2021-05-10,Geo18,Rabat 90 zł przy zakupach za min. 450 zł.
2021-11-15,Geo2,Rabat 90 zł przy zakupach za min. 450 zł.
2023-08-07,Geo20,Rabat 90 zł przy zakupach za min. 450 zł.
2022-05-02,Geo23,Rabat 90 zł przy zakupach za min. 450 zł.
2022-06-20,Geo24,Rabat 90 zł przy zakupach za min. 450 zł.
2022-08-22,Geo24,Rabat 90 zł przy zakupach za min. 450 zł.
2021-05-17,Geo3,Rabat 90 zł przy zakupach za min. 450 zł.
2022-06-27,Geo39,Rabat 90 zł przy zakupach za min. 450 zł.
2022-09-26,Geo10,Rabat kwotowy 120 zł przy zamówieniu za 500 zł.
2023-03-20,Geo10,Rabat kwotowy 120 zł przy zamówieniu za 500 zł.
2023-06-26,Geo12,Rabat kwotowy 120 zł przy zamówieniu za 500 zł.
2023-02-27,Geo17,Rabat kwotowy 120 zł przy zamówieniu za 500 zł.
2022-05-16,Geo25,Rabat kwotowy 120 zł przy zamówieniu za 500 zł.
2021-10-18,Geo36,Rabat kwotowy 120 zł przy zamówieniu za 500 zł.
2021-08-23,Geo6,Rabat kwotowy 120 zł przy zamówieniu za 500 zł.
2021-05-10,Geo11,Rabat kwotowy 20 zł przy zakupach powyżej 200 zł.
2021-10-04,Geo12,Rabat kwotowy 20 zł przy zakupach powyżej 200 zł.
2021-05-03,Geo13,Rabat kwotowy 20 zł przy zakupach powyżej 200 zł.
2022-11-07,Geo13,Rabat kwotowy 20 zł przy zakupach powyżej 200 zł.
2022-07-25,Geo15,Rabat kwotowy 20 zł przy zakupach powyżej 200 zł.
2021-11-22,Geo16,Rabat kwotowy 20 zł przy zakupach powyżej 200 zł.
2021-10-04,Geo16,Rabat kwotowy 20 zł przy zakupach powyżej 200 zł.
2023-12-11,Geo17,Rabat kwotowy 20 zł przy zakupach powyżej 200 zł.
2023-06-05,Geo18,Rabat kwotowy 20 zł przy zakupach powyżej 200 zł.
2022-11-21,Geo18,Rabat kwotowy 20 zł przy zakupach powyżej 200 zł.
2023-06-12,Geo19,Rabat kwotowy 20 zł przy zakupach powyżej 200 zł.
2021-11-22,Geo2,Rabat kwotowy 20 zł przy zakupach powyżej 200 zł.
2021-05-31,Geo20,Rabat kwotowy 20 zł przy zakupach powyżej 200 zł.
2021-04-05,Geo22,Rabat kwotowy 20 zł przy zakupach powyżej 200 zł.
2022-10-24,Geo22,Rabat kwotowy 20 zł przy zakupach powyżej 200 zł.
2022-07-18,Geo23,Rabat kwotowy 20 zł przy zakupach powyżej 200 zł.
2021-05-03,Geo23,Rabat kwotowy 20 zł przy zakupach powyżej 200 zł.
2021-03-22,Geo24,Rabat kwotowy 20 zł przy zakupach powyżej 200 zł.
2023-03-27,Geo25,Rabat kwotowy 20 zł przy zakupach powyżej 200 zł.
2022-06-27,Geo26,Rabat kwotowy 20 zł przy zakupach powyżej 200 zł.
2022-05-16,Geo28,Rabat kwotowy 20 zł przy zakupach powyżej 200 zł.
2022-01-24,Geo29,Rabat kwotowy 20 zł przy zakupach powyżej 200 zł.
2021-11-29,Geo29,Rabat kwotowy 20 zł przy zakupach powyżej 200 zł.
2023-05-01,Geo31,Rabat kwotowy 20 zł przy zakupach powyżej 200 zł.
2021-11-22,Geo32,Rabat kwotowy 20 zł przy zakupach powyżej 200 zł.
2021-02-22,Geo32,Rabat kwotowy 20 zł przy zakupach powyżej 200 zł.
2021-12-06,Geo33,Rabat kwotowy 20 zł przy zakupach powyżej 200 zł.
2022-05-30,Geo33,Rabat kwotowy 20 zł przy zakupach powyżej 200 zł.
2023-05-22,Geo35,Rabat kwotowy 20 zł przy zakupach powyżej 200 zł.
2021-10-11,Geo35,Rabat kwotowy 20 zł przy zakupach powyżej 200 zł.
2021-05-31,Geo35,Rabat kwotowy 20 zł przy zakupach powyżej 200 zł.
2023-05-01,Geo37,Rabat kwotowy 20 zł przy zakupach powyżej 200 zł.
2021-06-14,Geo37,Rabat kwotowy 20 zł przy zakupach powyżej 200 zł.
2022-10-24,Geo37,Rabat kwotowy 20 zł przy zakupach powyżej 200 zł.
2022-10-17,Geo39,Rabat kwotowy 20 zł przy zakupach powyżej 200 zł.
2021-04-26,Geo6,Rabat kwotowy 20 zł przy zakupach powyżej 200 zł.
2023-06-26,Geo6,Rabat kwotowy 20 zł przy zakupach powyżej 200 zł.
2023-03-27,Geo7,Rabat kwotowy 20 zł przy zakupach powyżej 200 zł.
2022-12-26,Geo8,Rabat kwotowy 20 zł przy zakupach powyżej 200 zł.
2023-02-27,Geo8,Rabat kwotowy 20 zł przy zakupach powyżej 200 zł.
2021-07-05,Geo9,Rabat kwotowy 20 zł przy zakupach powyżej 200 zł.
2023-07-10,Geo9,Rabat kwotowy 20 zł przy zakupach powyżej 200 zł.
2023-05-01,Geo0,Rabat kwotowy 30 zł przy zakupach powyżej 250 zł.
2023-06-26,Geo0,Rabat kwotowy 30 zł przy zakupach powyżej 250 zł.
2021-06-28,Geo1,Rabat kwotowy 30 zł przy zakupach powyżej 250 zł.
2023-08-14,Geo10,Rabat kwotowy 30 zł przy zakupach powyżej 250 zł.
2023-09-04,Geo16,Rabat kwotowy 30 zł przy zakupach powyżej 250 zł.
2021-04-05,Geo16,Rabat kwotowy 30 zł przy zakupach powyżej 250 zł.
2023-06-19,Geo18,Rabat kwotowy 30 zł przy zakupach powyżej 250 zł.
2023-11-20,Geo2,Rabat kwotowy 30 zł przy zakupach powyżej 250 zł.
2021-02-15,Geo20,Rabat kwotowy 30 zł przy zakupach powyżej 250 zł.
2021-04-12,Geo21,Rabat kwotowy 30 zł przy zakupach powyżej 250 zł.
2021-06-21,Geo21,Rabat kwotowy 30 zł przy zakupach powyżej 250 zł.
2023-07-31,Geo23,Rabat kwotowy 30 zł przy zakupach powyżej 250 zł.
2022-02-21,Geo23,Rabat kwotowy 30 zł przy zakupach powyżej 250 zł.
2022-10-03,Geo23,Rabat kwotowy 30 zł przy zakupach powyżej 250 zł.
2023-05-15,Geo25,Rabat kwotowy 30 zł przy zakupach powyżej 250 zł.
2022-09-12,Geo25,Rabat kwotowy 30 zł przy zakupach powyżej 250 zł.
2022-01-17,Geo28,Rabat kwotowy 30 zł przy zakupach powyżej 250 zł.
2021-12-27,Geo29,Rabat kwotowy 30 zł przy zakupach powyżej 250 zł.
2023-11-06,Geo33,Rabat kwotowy 30 zł przy zakupach powyżej 250 zł.
2022-06-06,Geo34,Rabat kwotowy 30 zł przy zakupach powyżej 250 zł.
2022-11-21,Geo34,Rabat kwotowy 30 zł przy zakupach powyżej 250 zł.
2022-04-04,Geo35,Rabat kwotowy 30 zł przy zakupach powyżej 250 zł.
2021-03-22,Geo35,Rabat kwotowy 30 zł przy zakupach powyżej 250 zł.
2022-08-15,Geo35,Rabat kwotowy 30 zł przy zakupach powyżej 250 zł.
2023-07-31,Geo36,Rabat kwotowy 30 zł przy zakupach powyżej 250 zł.
2021-05-31,Geo36,Rabat kwotowy 30 zł przy zakupach powyżej 250 zł.
2022-01-03,Geo38,Rabat kwotowy 30 zł przy zakupach powyżej 250 zł.
2022-07-25,Geo38,Rabat kwotowy 30 zł przy zakupach powyżej 250 zł.
2021-12-27,Geo4,Rabat kwotowy 30 zł przy zakupach powyżej 250 zł.
2022-05-23,Geo7,Rabat kwotowy 30 zł przy zakupach powyżej 250 zł.
2023-06-26,Geo7,Rabat kwotowy 30 zł przy zakupach powyżej 250 zł.
2022-04-04,Geo7,Rabat kwotowy 30 zł przy zakupach powyżej 250 zł.
2021-08-23,Geo9,Rabat kwotowy 30 zł przy zakupach powyżej 250 zł.
2021-08-16,Geo0,Rabat kwotowy 35 zł przy zakupach za min. 300 zł.
2022-11-14,Geo0,Rabat kwotowy 35 zł przy zakupach za min. 300 zł.
2021-03-22,Geo1,Rabat kwotowy 35 zł przy zakupach za min. 300 zł.
2021-06-21,Geo1,Rabat kwotowy 35 zł przy zakupach za min. 300 zł.
2022-08-22,Geo11,Rabat kwotowy 35 zł przy zakupach za min. 300 zł.
2024-01-15,Geo11,Rabat kwotowy 35 zł przy zakupach za min. 300 zł.
2023-09-04,Geo12,Rabat kwotowy 35 zł przy zakupach za min. 300 zł.
2021-08-30,Geo13,Rabat kwotowy 35 zł przy zakupach za min. 300 zł.
2022-07-25,Geo13,Rabat kwotowy 35 zł przy zakupach za min. 300 zł.
2021-06-21,Geo15,Rabat kwotowy 35 zł przy zakupach za min. 300 zł.
2023-11-06,Geo16,Rabat kwotowy 35 zł przy zakupach za min. 300 zł.
2023-02-13,Geo16,Rabat kwotowy 35 zł przy zakupach za min. 300 zł.
2023-03-13,Geo18,Rabat kwotowy 35 zł przy zakupach za min. 300 zł.
2022-06-13,Geo22,Rabat kwotowy 35 zł przy zakupach za min. 300 zł.
2021-05-10,Geo24,Rabat kwotowy 35 zł przy zakupach za min. 300 zł.
2023-08-14,Geo24,Rabat kwotowy 35 zł przy zakupach za min. 300 zł.
2023-01-09,Geo24,Rabat kwotowy 35 zł przy zakupach za min. 300 zł.
2021-11-22,Geo28,Rabat kwotowy 35 zł przy zakupach za min. 300 zł.
2023-05-29,Geo3,Rabat kwotowy 35 zł przy zakupach za min. 300 zł.
2022-05-16,Geo32,Rabat kwotowy 35 zł przy zakupach za min. 300 zł.
2022-07-11,Geo32,Rabat kwotowy 35 zł przy zakupach za min. 300 zł.
2022-12-12,Geo34,Rabat kwotowy 35 zł przy zakupach za min. 300 zł.
2023-02-13,Geo34,Rabat kwotowy 35 zł przy zakupach za min. 300 zł.
2023-01-02,Geo34,Rabat kwotowy 35 zł przy zakupach za min. 300 zł.
2023-11-13,Geo36,Rabat kwotowy 35 zł przy zakupach za min. 300 zł.
2023-01-09,Geo37,Rabat kwotowy 35 zł przy zakupach za min. 300 zł.
2022-12-19,Geo39,Rabat kwotowy 35 zł przy zakupach za min. 300 zł.
2021-09-20,Geo4,Rabat kwotowy 35 zł przy zakupach za min. 300 zł.
2021-08-02,Geo6,Rabat kwotowy 35 zł przy zakupach za min. 300 zł.
2023-01-02,Geo6,Rabat kwotowy 35 zł przy zakupach za min. 300 zł.
2023-09-11,Geo7,Rabat kwotowy 35 zł przy zakupach za min. 300 zł.
2023-05-29,Geo7,Rabat kwotowy 35 zł przy zakupach za min. 300 zł.
2021-03-29,Geo7,Rabat kwotowy 35 zł przy zakupach za min. 300 zł.
2021-03-01,Geo9,Rabat kwotowy 35 zł przy zakupach za min. 300 zł.
2022-07-25,Geo9,Rabat kwotowy 35 zł przy zakupach za min. 300 zł.
2022-12-12,Geo11,Rabat kwotowy 45 zł przy zamówieniu za 300 zł.
2023-10-02,Geo14,Rabat kwotowy 45 zł przy zamówieniu za 300 zł.
2021-11-15,Geo15,Rabat kwotowy 45 zł przy zamówieniu za 300 zł.
2022-11-21,Geo17,Rabat kwotowy 45 zł przy zamówieniu za 300 zł.
2022-10-31,Geo18,Rabat kwotowy 45 zł przy zamówieniu za 300 zł.
2022-05-02,Geo2,Rabat kwotowy 45 zł przy zamówieniu za 300 zł.
2022-10-03,Geo20,Rabat kwotowy 45 zł przy zamówieniu za 300 zł.
2022-08-22,Geo20,Rabat kwotowy 45 zł przy zamówieniu za 300 zł.
2023-05-01,Geo20,Rabat kwotowy 45 zł przy zamówieniu za 300 zł.
2023-06-26,Geo22,Rabat kwotowy 45 zł przy zamówieniu za 300 zł.
2021-12-27,Geo23,Rabat kwotowy 45 zł przy zamówieniu za 300 zł.
2021-08-23,Geo25,Rabat kwotowy 45 zł przy zamówieniu za 300 zł.
2022-08-08,Geo26,Rabat kwotowy 45 zł przy zamówieniu za 300 zł.
2023-07-31,Geo26,Rabat kwotowy 45 zł przy zamówieniu za 300 zł.
2023-07-03,Geo28,Rabat kwotowy 45 zł przy zamówieniu za 300 zł.
2022-06-27,Geo29,Rabat kwotowy 45 zł przy zamówieniu za 300 zł.
2023-12-11,Geo31,Rabat kwotowy 45 zł przy zamówieniu za 300 zł.
2022-02-07,Geo34,Rabat kwotowy 45 zł przy zamówieniu za 300 zł.
2022-06-27,Geo34,Rabat kwotowy 45 zł przy zamówieniu za 300 zł.
2022-02-21,Geo34,Rabat kwotowy 45 zł przy zamówieniu za 300 zł.
2021-12-27,Geo34,Rabat kwotowy 45 zł przy zamówieniu za 300 zł.
2023-08-07,Geo37,Rabat kwotowy 45 zł przy zamówieniu za 300 zł.
2021-10-18,Geo38,Rabat kwotowy 45 zł przy zamówieniu za 300 zł.
2023-12-11,Geo38,Rabat kwotowy 45 zł przy zamówieniu za 300 zł.
2023-09-11,Geo5,Rabat kwotowy 45 zł przy zamówieniu za 300 zł.
2022-02-07,Geo8,Rabat kwotowy 45 zł przy zamówieniu za 300 zł.
2022-11-07,Geo9,Rabat kwotowy 45 zł przy zamówieniu za 300 zł.
2022-05-16,Geo0,Rabat kwotowy 50 zł przy zakupach powyżej 300 zł.
2023-05-08,Geo10,Rabat kwotowy 50 zł przy zakupach powyżej 300 zł.
2022-08-29,Geo10,Rabat kwotowy 50 zł przy zakupach powyżej 300 zł.
2022-06-20,Geo11,Rabat kwotowy 50 zł przy zakupach powyżej 300 zł.
2022-10-10,Geo13,Rabat kwotowy 50 zł przy zakupach powyżej 300 zł.
2022-07-04,Geo16,Rabat kwotowy 50 zł przy zakupach powyżej 300 zł.
2022-09-12,Geo19,Rabat kwotowy 50 zł przy zakupach powyżej 300 zł.
2021-06-28,Geo2,Rabat kwotowy 50 zł przy zakupach powyżej 300 zł.
2023-05-15,Geo27,Rabat kwotowy 50 zł przy zakupach powyżej 300 zł.
2021-12-13,Geo28,Rabat kwotowy 50 zł przy zakupach powyżej 300 zł.
2023-09-11,Geo32,Rabat kwotowy 50 zł przy zakupach powyżej 300 zł.
2022-12-12,Geo35,Rabat kwotowy 50 zł przy zakupach powyżej 300 zł.
2022-10-24,Geo35,Rabat kwotowy 50 zł przy zakupach powyżej 300 zł.
2023-04-10,Geo35,Rabat kwotowy 50 zł przy zakupach powyżej 300 zł.
2024-01-15,Geo4,Rabat kwotowy 50 zł przy zakupach powyżej 300 zł.
2023-07-24,Geo5,Rabat kwotowy 50 zł przy zakupach powyżej 300 zł.
2022-11-07,Geo12,Rabat kwotowy 80 zł przy zakupach powyżej 400 zł.
2022-08-22,Geo14,Rabat kwotowy 80 zł przy zakupach powyżej 400 zł.
2023-12-11,Geo15,Rabat kwotowy 80 zł przy zakupach powyżej 400 zł.
2021-06-07,Geo16,Rabat kwotowy 80 zł przy zakupach powyżej 400 zł.
2021-11-08,Geo34,Rabat kwotowy 80 zł przy zakupach powyżej 400 zł.
2023-10-23,Geo37,Rabat kwotowy 80 zł przy zakupach powyżej 400 zł.
2022-12-12,Geo7,Rabat kwotowy 80 zł przy zakupach powyżej 400 zł.
2021-10-18,Geo8,Rabat kwotowy 80 zł przy zakupach powyżej 400 zł.
2022-01-24,Geo0,"Trzeci, najtańszy produkt w koszyku za 1 grosz."
2023-08-28,Geo13,"Trzeci, najtańszy produkt w koszyku za 1 grosz."
2022-08-29,Geo16,"Trzeci, najtańszy produkt w koszyku za 1 grosz."
2023-08-14,Geo16,"Trzeci, najtańszy produkt w koszyku za 1 grosz."
2021-11-22,Geo22,"Trzeci, najtańszy produkt w koszyku za 1 grosz."
2023-08-14,Geo22,"Trzeci, najtańszy produkt w koszyku za 1 grosz."
2022-07-04,Geo3,"Trzeci, najtańszy produkt w koszyku za 1 grosz."
2021-06-21,Geo30,"Trzeci, najtańszy produkt w koszyku za 1 grosz."
2022-04-11,Geo8,"Trzeci, najtańszy produkt w koszyku za 1 grosz."
2022-09-05,Geo13,Weekendowa promocja: -22% na cały asortyment.
2021-05-31,Geo15,Weekendowa promocja: -22% na cały asortyment.
2023-04-03,Geo15,Weekendowa promocja: -22% na cały asortyment.
2023-05-29,Geo16,Weekendowa promocja: -22% na cały asortyment.
2021-11-15,Geo19,Weekendowa promocja: -22% na cały asortyment.
2022-06-27,Geo20,Weekendowa promocja: -22% na cały asortyment.
2023-09-18,Geo21,Weekendowa promocja: -22% na cały asortyment.
2021-07-05,Geo29,Weekendowa promocja: -22% na cały asortyment.
2022-04-11,Geo31,Weekendowa promocja: -22% na cały asortyment.
2023-05-29,Geo34,Weekendowa promocja: -22% na cały asortyment.
2022-02-21,Geo35,Weekendowa promocja: -22% na cały asortyment.
2023-05-01,Geo38,Weekendowa promocja: -22% na cały asortyment.
2022-02-14,Geo8,Weekendowa promocja: -22% na cały asortyment.
2023-11-06,Geo8,Weekendowa promocja: -22% na cały asortyment.
2022-05-09,Geo0,Wszystkie produkty jednej marki z rabatem -15%.
2022-03-07,Geo0,Wszystkie produkty jednej marki z rabatem -15%.
2021-12-06,Geo1,Wszystkie produkty jednej marki z rabatem -15%.
2022-01-10,Geo1,Wszystkie produkty jednej marki z rabatem -15%.
2023-04-03,Geo12,Wszystkie produkty jednej marki z rabatem -15%.
2022-08-01,Geo13,Wszystkie produkty jednej marki z rabatem -15%.
2022-03-28,Geo16,Wszystkie produkty jednej marki z rabatem -15%.
2021-09-13,Geo17,Wszystkie produkty jednej marki z rabatem -15%.
2022-04-18,Geo18,Wszystkie produkty jednej marki z rabatem -15%.
2023-10-02,Geo19,Wszystkie produkty jednej marki z rabatem -15%.
2021-02-08,Geo23,Wszystkie produkty jednej marki z rabatem -15%.
2021-04-19,Geo23,Wszystkie produkty jednej marki z rabatem -15%.
2022-10-17,Geo25,Wszystkie produkty jednej marki z rabatem -15%.
2023-02-13,Geo30,Wszystkie produkty jednej marki z rabatem -15%.
2022-12-05,Geo31,Wszystkie produkty jednej marki z rabatem -15%.
2021-05-24,Geo32,Wszystkie produkty jednej marki z rabatem -15%.
2022-09-05,Geo36,Wszystkie produkty jednej marki z rabatem -15%.
2023-08-28,Geo36,Wszystkie produkty jednej marki z rabatem -15%.
2022-11-21,Geo37,Wszystkie produkty jednej marki z rabatem -15%.
2022-06-27,Geo37,Wszystkie produkty jednej marki z rabatem -15%.
2022-12-12,Geo38,Wszystkie produkty jednej marki z rabatem -15%.
2024-01-08,Geo38,Wszystkie produkty jednej marki z rabatem -15%.
2021-02-01,Geo39,Wszystkie produkty jednej marki z rabatem -15%.
2022-05-23,Geo39,Wszystkie produkty jednej marki z rabatem -15%.
2021-04-19,Geo5,Wszystkie produkty jednej marki z rabatem -15%.
2021-11-29,Geo9,Wszystkie produkty jednej marki z rabatem -15%.
2022-08-22,Geo10,Wszystkie produkty sezonowe -25%.
2022-05-16,Geo10,Wszystkie produkty sezonowe -25%.
2023-08-14,Geo13,Wszystkie produkty sezonowe -25%.
2023-05-01,Geo13,Wszystkie produkty sezonowe -25%.
2023-11-27,Geo14,Wszystkie produkty sezonowe -25%.
2022-03-28,Geo15,Wszystkie produkty sezonowe -25%.
2021-05-24,Geo16,Wszystkie produkty sezonowe -25%.
2023-10-16,Geo17,Wszystkie produkty sezonowe -25%.
2022-10-17,Geo18,Wszystkie produkty sezonowe -25%.
2022-04-11,Geo19,Wszystkie produkty sezonowe -25%.
2021-11-08,Geo22,Wszystkie produkty sezonowe -25%.
2023-12-18,Geo22,Wszystkie produkty sezonowe -25%.
2022-05-30,Geo28,Wszystkie produkty sezonowe -25%.
2023-12-04,Geo29,Wszystkie produkty sezonowe -25%.
2023-02-20,Geo29,Wszystkie produkty sezonowe -25%.
2022-02-07,Geo33,Wszystkie produkty sezonowe -25%.
2023-10-09,Geo36,Wszystkie produkty sezonowe -25%.
2023-08-14,Geo38,Wszystkie produkty sezonowe -25%.
2023-10-16,Geo38,Wszystkie produkty sezonowe -25%.
2022-11-21,Geo5,Wszystkie produkty sezonowe -25%.
2022-08-29,Geo0,Wszystkie produkty z kategorii Bestsellery -25%.
2023-01-02,Geo1,Wszystkie produkty z kategorii Bestsellery -25%.
2022-05-02,Geo11,Wszystkie produkty z kategorii Bestsellery -25%.
2023-11-13,Geo15,Wszystkie produkty z kategorii Bestsellery -25%.
2023-09-04,Geo34,Wszystkie produkty z kategorii Bestsellery -25%.
2022-01-10,Geo34,Wszystkie produkty z kategorii Bestsellery -25%.
2023-12-11,Geo36,Wszystkie produkty z kategorii Bestsellery -25%.
2022-09-05,Geo37,Wszystkie produkty z kategorii Bestsellery -25%.
2022-09-26,Geo9,Wszystkie produkty z poprzednich kolekcji -50%.
2022-07-04,Geo0,Wszystkie produkty z poprzedniego sezonu -40%.
2023-12-11,Geo1,Wszystkie produkty z poprzedniego sezonu -40%.
2021-08-09,Geo10,Wszystkie produkty z poprzedniego sezonu -40%.
2023-08-14,Geo11,Wszystkie produkty z poprzedniego sezonu -40%.
2022-02-07,Geo12,Wszystkie produkty z poprzedniego sezonu -40%.
2023-01-02,Geo32,Wszystkie produkty z poprzedniego sezonu -40%.
2023-04-17,Geo37,Wszystkie produkty z poprzedniego sezonu -40%.
2023-09-04,Geo7,Wszystkie produkty z poprzedniego sezonu -40%.
2021-05-10,Geo10,Wszystkie produkty z poprzedniej kolekcji -25%.
2023-01-23,Geo12,Wszystkie produkty z poprzedniej kolekcji -25%.
2021-05-17,Geo19,Wszystkie produkty z poprzedniej kolekcji -25%.
2023-09-11,Geo19,Wszystkie produkty z poprzedniej kolekcji -25%.
2021-07-26,Geo19,Wszystkie produkty z poprzedniej kolekcji -25%.
2022-07-11,Geo20,Wszystkie produkty z poprzedniej kolekcji -25%.
2023-11-27,Geo21,Wszystkie produkty z poprzedniej kolekcji -25%.
2023-11-06,Geo22,Wszystkie produkty z poprzedniej kolekcji -25%.
2022-11-14,Geo25,Wszystkie produkty z poprzedniej kolekcji -25%.
2022-10-31,Geo25,Wszystkie produkty z poprzedniej kolekcji -25%.
2023-05-01,Geo26,Wszystkie produkty z poprzedniej kolekcji -25%.
2023-09-11,Geo26,Wszystkie produkty z poprzedniej kolekcji -25%.
2022-06-27,Geo28,Wszystkie produkty z poprzedniej kolekcji -25%.
2022-06-06,Geo30,Wszystkie produkty z poprzedniej kolekcji -25%.
2021-05-10,Geo33,Wszystkie produkty z poprzedniej kolekcji -25%.
2022-06-27,Geo33,Wszystkie produkty z poprzedniej kolekcji -25%.
2023-07-24,Geo33,Wszystkie produkty z poprzedniej kolekcji -25%.
2023-12-11,Geo33,Wszystkie produkty z poprzedniej kolekcji -25%.
2023-08-21,Geo35,Wszystkie produkty z poprzedniej kolekcji -25%.
2023-11-06,Geo4,Wszystkie produkty z poprzedniej kolekcji -25%.
2021-02-22,Geo4,Wszystkie produkty z poprzedniej kolekcji -25%.
2022-08-22,Geo5,Wszystkie produkty z poprzedniej kolekcji -25%.
2022-08-22,Geo6,Wszystkie produkty z poprzedniej kolekcji -25%.
2021-03-08,Geo7,Wszystkie produkty z poprzedniej kolekcji -25%.
2021-04-26,Geo8,Wszystkie produkty z poprzedniej kolekcji -25%.
2021-11-22,Geo9,Wszystkie produkty z wyprzedaży dodatkowe -25%.
2021-09-06,Geo0,Wszystkie zestawy prezentowe -20%.
2023-08-07,Geo0,Wszystkie zestawy prezentowe -20%.
2021-05-24,Geo10,Wszystkie zestawy prezentowe -20%.
2023-05-01,Geo11,Wszystkie zestawy prezentowe -20%.
2022-02-07,Geo11,Wszystkie zestawy prezentowe -20%.
2022-11-14,Geo15,Wszystkie zestawy prezentowe -20%.
2023-09-18,Geo22,Wszystkie zestawy prezentowe -20%.
2022-07-25,Geo22,Wszystkie zestawy prezentowe -20%.
2023-02-20,Geo23,Wszystkie zestawy prezentowe -20%.
2023-04-03,Geo26,Wszystkie zestawy prezentowe -20%.
2022-12-26,Geo27,Wszystkie zestawy prezentowe -20%.
2022-10-10,Geo27,Wszystkie zestawy prezentowe -20%.
2022-03-28,Geo27,Wszystkie zestawy prezentowe -20%.
2021-10-11,Geo29,Wszystkie zestawy prezentowe -20%.
2022-09-26,Geo30,Wszystkie zestawy prezentowe -20%.
2023-02-20,Geo31,Wszystkie zestawy prezentowe -20%.
2023-01-09,Geo31,Wszystkie zestawy prezentowe -20%.
2022-02-21,Geo31,Wszystkie zestawy prezentowe -20%.
2021-08-30,Geo35,Wszystkie zestawy prezentowe -20%.
2021-12-27,Geo37,Wszystkie zestawy prezentowe -20%.
2023-06-05,Geo37,Wszystkie zestawy prezentowe -20%.
2023-09-04,Geo37,Wszystkie zestawy prezentowe -20%.
2021-08-23,Geo38,Wszystkie zestawy prezentowe -20%.
2021-02-22,Geo39,Wszystkie zestawy prezentowe -20%.
2021-08-16,Geo4,Wszystkie zestawy prezentowe -20%.
2022-03-28,Geo5,Wszystkie zestawy prezentowe -20%.
2023-09-11,Geo9,Wszystkie zestawy prezentowe -20%.
2022-09-19,Geo11,Wszystkie zestawy produktowe z rabatem -30%.
2022-07-04,Geo11,Wszystkie zestawy produktowe z rabatem -30%.
2021-05-10,Geo13,Wszystkie zestawy produktowe z rabatem -30%.
2023-07-10,Geo16,Wszystkie zestawy produktowe z rabatem -30%.
2021-12-20,Geo3,Wszystkie zestawy produktowe z rabatem -30%.
2023-07-31,Geo3,Wszystkie zestawy produktowe z rabatem -30%.
2021-06-21,Geo31,Wszystkie zestawy produktowe z rabatem -30%.
2022-07-11,Geo36,Wszystkie zestawy produktowe z rabatem -30%.
2022-07-04,Geo7,Wszystkie zestawy produktowe z rabatem -30%.
2021-10-11,Geo13,Wybrane kolekcje z rabatem -30%.
2024-01-01,Geo17,Wybrane kolekcje z rabatem -30%.
2021-05-10,Geo17,Wybrane kolekcje z rabatem -30%.
2023-12-11,Geo2,Wybrane kolekcje z rabatem -30%.
2021-12-27,Geo32,Wybrane kolekcje z rabatem -30%.
2023-04-10,Geo34,Wybrane kolekcje z rabatem -30%.
2022-10-10,Geo34,Wybrane kolekcje z rabatem -30%.
2023-04-03,Geo36,Wybrane kolekcje z rabatem -30%.
2021-05-03,Geo39,Wybrane kolekcje z rabatem -30%.
2022-06-06,Geo5,Wybrane kolekcje z rabatem -30%.
2021-05-31,Geo5,Wybrane kolekcje z rabatem -30%.
2022-01-10,Geo0,Wydłużony czas na zwrot do 30 dni.
2022-01-31,Geo1,Wydłużony czas na zwrot do 30 dni.
2022-05-09,Geo1,Wydłużony czas na zwrot do 30 dni.
2023-02-20,Geo11,Wydłużony czas na zwrot do 30 dni.
2023-05-08,Geo11,Wydłużony czas na zwrot do 30 dni.
2023-02-27,Geo11,Wydłużony czas na zwrot do 30 dni.
2023-01-16,Geo11,Wydłużony czas na zwrot do 30 dni.
2021-09-13,Geo13,Wydłużony czas na zwrot do 30 dni.
2023-03-06,Geo14,Wydłużony czas na zwrot do 30 dni.
2023-08-21,Geo14,Wydłużony czas na zwrot do 30 dni.
2021-08-23,Geo15,Wydłużony czas na zwrot do 30 dni.
2022-06-20,Geo15,Wydłużony czas na zwrot do 30 dni.
2022-10-03,Geo16,Wydłużony czas na zwrot do 30 dni.
2021-11-15,Geo16,Wydłużony czas na zwrot do 30 dni.
2022-10-10,Geo16,Wydłużony czas na zwrot do 30 dni.
2022-11-14,Geo16,Wydłużony czas na zwrot do 30 dni.
2022-10-03,Geo17,Wydłużony czas na zwrot do 30 dni.
2022-05-30,Geo18,Wydłużony czas na zwrot do 30 dni.
2022-05-09,Geo20,Wydłużony czas na zwrot do 30 dni.
2023-09-04,Geo20,Wydłużony czas na zwrot do 30 dni.
2021-10-18,Geo22,Wydłużony czas na zwrot do 30 dni.
2022-07-18,Geo22,Wydłużony czas na zwrot do 30 dni.
2023-09-11,Geo22,Wydłużony czas na zwrot do 30 dni.
2023-04-17,Geo24,Wydłużony czas na zwrot do 30 dni.
2022-08-15,Geo25,Wydłużony czas na zwrot do 30 dni.
2022-03-28,Geo26,Wydłużony czas na zwrot do 30 dni.
2023-02-13,Geo27,Wydłużony czas na zwrot do 30 dni.
2022-08-15,Geo29,Wydłużony czas na zwrot do 30 dni.
2022-08-15,Geo3,Wydłużony czas na zwrot do 30 dni.
2023-07-10,Geo30,Wydłużony czas na zwrot do 30 dni.
2021-11-08,Geo30,Wydłużony czas na zwrot do 30 dni.
2021-06-28,Geo31,Wydłużony czas na zwrot do 30 dni.
2023-02-20,Geo32,Wydłużony czas na zwrot do 30 dni.
2021-11-15,Geo32,Wydłużony czas na zwrot do 30 dni.
2021-12-13,Geo34,Wydłużony czas na zwrot do 30 dni.
2022-10-31,Geo36,Wydłużony czas na zwrot do 30 dni.
2023-09-18,Geo36,Wydłużony czas na zwrot do 30 dni.
2023-06-05,Geo39,Wydłużony czas na zwrot do 30 dni.
2022-03-14,Geo6,Wydłużony czas na zwrot do 30 dni.
2022-12-12,Geo6,Wydłużony czas na zwrot do 30 dni.
2021-03-22,Geo11,Wyprzedaż międzysezonowa: wszystko -33%.
2023-01-02,Geo3,Wyprzedaż międzysezonowa: wszystko -33%.
2021-10-11,Geo32,Wyprzedaż międzysezonowa: wszystko -33%.
2023-08-07,Geo13,Wyprzedaż sezonowa ze stałym rabatem -35% na wszystko.
2023-12-11,Geo21,Wyprzedaż: wszystko -30%.
2023-09-11,Geo14,Zestaw produktów z rabatem -15% taniej niż osobno.
2024-01-15,Geo18,Zestaw produktów z rabatem -15% taniej niż osobno.
2022-10-31,Geo19,Zestaw produktów z rabatem -15% taniej niż osobno.
2023-05-08,Geo19,Zestaw produktów z rabatem -15% taniej niż osobno.
2021-09-27,Geo21,Zestaw produktów z rabatem -15% taniej niż osobno.
2023-01-09,Geo21,Zestaw produktów z rabatem -15% taniej niż osobno.
2023-08-21,Geo23,Zestaw produktów z rabatem -15% taniej niż osobno.
2022-08-29,Geo24,Zestaw produktów z rabatem -15% taniej niż osobno.
2021-08-09,Geo24,Zestaw produktów z rabatem -15% taniej niż osobno.
2021-11-08,Geo24,Zestaw produktów z rabatem -15% taniej niż osobno.
2022-08-22,Geo25,Zestaw produktów z rabatem -15% taniej niż osobno.
2022-09-26,Geo26,Zestaw produktów z rabatem -15% taniej niż osobno.
2021-12-27,Geo27,Zestaw produktów z rabatem -15% taniej niż osobno.
2023-08-28,Geo27,Zestaw produktów z rabatem -15% taniej niż osobno.
2023-12-18,Geo28,Zestaw produktów z rabatem -15% taniej niż osobno.
2022-03-07,Geo29,Zestaw produktów z rabatem -15% taniej niż osobno.
2023-05-15,Geo29,Zestaw produktów z rabatem -15% taniej niż osobno.
2022-09-26,Geo29,Zestaw produktów z rabatem -15% taniej niż osobno.
2022-12-12,Geo30,Zestaw produktów z rabatem -15% taniej niż osobno.
2022-10-17,Geo31,Zestaw produktów z rabatem -15% taniej niż osobno.
2021-02-08,Geo31,Zestaw produktów z rabatem -15% taniej niż osobno.
2023-01-02,Geo33,Zestaw produktów z rabatem -15% taniej niż osobno.
2021-05-03,Geo35,Zestaw produktów z rabatem -15% taniej niż osobno.
2023-06-26,Geo36,Zestaw produktów z rabatem -15% taniej niż osobno.
2021-03-08,Geo38,Zestaw produktów z rabatem -15% taniej niż osobno.
2023-08-07,Geo38,Zestaw produktów z rabatem -15% taniej niż osobno.
2022-08-15,Geo39,Zestaw produktów z rabatem -15% taniej niż osobno.
2021-12-13,Geo5,Zestaw produktów z rabatem -15% taniej niż osobno.
2022-08-08,Geo8,Zestaw produktów z rabatem -15% taniej niż osobno.
2023-08-28,Geo0,Zniżka -10% na produkty z wybranej podkategorii.
2021-06-14,Geo1,Zniżka -10% na produkty z wybranej podkategorii.
2023-06-12,Geo11,Zniżka -10% na produkty z wybranej podkategorii.
2022-10-24,Geo12,Zniżka -10% na produkty z wybranej podkategorii.
2022-12-26,Geo13,Zniżka -10% na produkty z wybranej podkategorii.
2022-10-03,Geo13,Zniżka -10% na produkty z wybranej podkategorii.
2022-08-08,Geo13,Zniżka -10% na produkty z wybranej podkategorii.
2022-09-26,Geo13,Zniżka -10% na produkty z wybranej podkategorii.
2021-10-18,Geo14,Zniżka -10% na produkty z wybranej podkategorii.
2021-02-15,Geo16,Zniżka -10% na produkty z wybranej podkategorii.
2023-04-03,Geo18,Zniżka -10% na produkty z wybranej podkategorii.
2022-02-28,Geo19,Zniżka -10% na produkty z wybranej podkategorii.
2021-06-28,Geo20,Zniżka -10% na produkty z wybranej podkategorii.
2023-07-31,Geo22,Zniżka -10% na produkty z wybranej podkategorii.
2022-11-14,Geo22,Zniżka -10% na produkty z wybranej podkategorii.
2021-09-06,Geo26,Zniżka -10% na produkty z wybranej podkategorii.
2021-03-29,Geo28,Zniżka -10% na produkty z wybranej podkategorii.
2022-10-17,Geo29,Zniżka -10% na produkty z wybranej podkategorii.
2022-11-14,Geo3,Zniżka -10% na produkty z wybranej podkategorii.
2022-05-02,Geo30,Zniżka -10% na produkty z wybranej podkategorii.
2022-04-04,Geo31,Zniżka -10% na produkty z wybranej podkategorii.
2021-08-23,Geo34,Zniżka -10% na produkty z wybranej podkategorii.
2021-10-04,Geo35,Zniżka -10% na produkty z wybranej podkategorii.
2023-10-30,Geo36,Zniżka -10% na produkty z wybranej podkategorii.
2021-08-09,Geo36,Zniżka -10% na produkty z wybranej podkategorii.
2023-09-11,Geo37,Zniżka -10% na produkty z wybranej podkategorii.
2021-05-31,Geo39,Zniżka -10% na produkty z wybranej podkategorii.
2023-08-14,Geo39,Zniżka -10% na produkty z wybranej podkategorii.
2022-08-08,Geo5,Zniżka -10% na produkty z wybranej podkategorii.
2022-07-25,Geo5,Zniżka -10% na produkty z wybranej podkategorii.
2021-02-08,Geo5,Zniżka -10% na produkty z wybranej podkategorii.
2022-12-05,Geo6,Zniżka -10% na produkty z wybranej podkategorii.
2021-02-22,Geo8,Zniżka -10% na produkty z wybranej podkategorii.
2023-01-16,Geo8,Zniżka -10% na produkty z wybranej podkategorii.
2022-12-05,Geo1,Zniżka -15% na całą kategorię bestsellerów.
2023-09-11,Geo12,Zniżka -15% na całą kategorię bestsellerów.
2022-09-05,Geo12,Zniżka -15% na całą kategorię bestsellerów.
2021-09-27,Geo12,Zniżka -15% na całą kategorię bestsellerów.
2022-08-08,Geo15,Zniżka -15% na całą kategorię bestsellerów.
2023-08-28,Geo15,Zniżka -15% na całą kategorię bestsellerów.
2023-09-25,Geo17,Zniżka -15% na całą kategorię bestsellerów.
2023-08-07,Geo18,Zniżka -15% na całą kategorię bestsellerów.
2021-03-29,Geo18,Zniżka -15% na całą kategorię bestsellerów.
2023-07-24,Geo20,Zniżka -15% na całą kategorię bestsellerów.
2022-07-25,Geo20,Zniżka -15% na całą kategorię bestsellerów.
2024-01-01,Geo20,Zniżka -15% na całą kategorię bestsellerów.
2023-12-18,Geo21,Zniżka -15% na całą kategorię bestsellerów.
2021-03-22,Geo21,Zniżka -15% na całą kategorię bestsellerów.
2023-06-19,Geo21,Zniżka -15% na całą kategorię bestsellerów.
2023-01-09,Geo22,Zniżka -15% na całą kategorię bestsellerów.
2022-08-29,Geo23,Zniżka -15% na całą kategorię bestsellerów.
2023-05-01,Geo25,Zniżka -15% na całą kategorię bestsellerów.
2023-11-13,Geo28,Zniżka -15% na całą kategorię bestsellerów.
2021-09-20,Geo28,Zniżka -15% na całą kategorię bestsellerów.
2021-06-21,Geo29,Zniżka -15% na całą kategorię bestsellerów.
2022-12-12,Geo3,Zniżka -15% na całą kategorię bestsellerów.
2024-01-08,Geo31,Zniżka -15% na całą kategorię bestsellerów.
2023-02-20,Geo34,Zniżka -15% na całą kategorię bestsellerów.
2022-10-03,Geo35,Zniżka -15% na całą kategorię bestsellerów.
2021-08-23,Geo37,Zniżka -15% na całą kategorię bestsellerów.
2021-05-03,Geo37,Zniżka -15% na całą kategorię bestsellerów.
2022-01-10,Geo38,Zniżka -15% na całą kategorię bestsellerów.
2021-04-12,Geo39,Zniżka -15% na całą kategorię bestsellerów.
2021-12-13,Geo39,Zniżka -15% na całą kategorię bestsellerów.
2021-07-05,Geo4,Zniżka -15% na całą kategorię bestsellerów.
2023-09-25,Geo4,Zniżka -15% na całą kategorię bestsellerów.
2022-09-05,Geo5,Zniżka -15% na całą kategorię bestsellerów.
2022-05-16,Geo5,Zniżka -15% na całą kategorię bestsellerów.
2022-05-30,Geo6,Zniżka -15% na całą kategorię bestsellerów.
2021-10-18,Geo6,Zniżka -15% na całą kategorię bestsellerów.
2022-03-21,Geo8,Zniżka -15% na całą kategorię bestsellerów.
2022-06-20,Geo8,Zniżka -15% na całą kategorię bestsellerów.
2023-02-13,Geo8,Zniżka -15% na całą kategorię bestsellerów.
